x[m],z[m],max_abs_principal[MPa],princ1,princ2,princ3
0.000000000000000000e+00,0.000000000000000000e+00,4.207530819488347333e+03,-4.207530819488347333e+03,-7.235751350880434529e+02,4.436427907194615736e-12
0.000000000000000000e+00,2.051282050000000079e-01,4.082186751480126986e+03,-4.082186751480126986e+03,-1.860151607098955253e+02,4.171115260643329091e-12
0.000000000000000000e+00,4.102564100000000158e-01,3.696398663266289986e+03,-3.696398663266289986e+03,-4.558546409282693901e+01,9.229965899463378447e-13
0.000000000000000000e+00,6.153846149999999682e-01,3.466493916969162910e+03,-3.466493916969162910e+03,-1.799055991365310447e+01,-1.230666113982146324e-12
0.000000000000000000e+00,8.205128210000000033e-01,3.418144879067601778e+03,-3.418144879067601778e+03,1.968184171622944058e-12,6.006536878941283852e+00
0.000000000000000000e+00,1.025641025999999956e+00,3.352040574224700322e+03,-3.352040574224700322e+03,6.138025296158765452e-13,6.850267755748756571e+00
0.000000000000000000e+00,1.230769231000000019e+00,3.307530988397631518e+03,-3.307530988397631518e+03,-3.058981701694551105e-12,6.797456449539844847e+00
0.000000000000000000e+00,1.435897436000000083e+00,3.202398865065502378e+03,-3.202398865065502378e+03,-4.314737475078718278e-12,1.311921287469301234e+01
0.000000000000000000e+00,1.641025640999999924e+00,3.085026293565441392e+03,-3.085026293565441392e+03,5.967850653484766399e-14,8.963216196379677925e+00
0.000000000000000000e+00,1.846153845999999987e+00,2.997872321744316650e+03,-2.997872321744316650e+03,3.982315491340116179e-13,1.799369538836061722e+01
0.000000000000000000e+00,2.051282050999999829e+00,2.828085953655297089e+03,-2.828085953655297089e+03,1.941764618447055237e-12,2.221236365975691385e+01
0.000000000000000000e+00,2.256410256000000114e+00,2.587901765883500957e+03,-2.587901765883500957e+03,3.250545158771325619e-12,3.122450941515041123e+01
0.000000000000000000e+00,2.461538462000000038e+00,2.482213379603159410e+03,-2.482213379603159410e+03,4.891563039213316773e-13,3.799198697068667485e+01
0.000000000000000000e+00,2.666666666999999880e+00,2.299692679266925097e+03,-2.299692679266925097e+03,-1.052046809472735767e+01,-2.318227802876625846e-12
0.000000000000000000e+00,2.871794872000000165e+00,1.947007825078010683e+03,-1.947007825078010683e+03,-3.590870977609215231e+01,-3.210179648665436331e-12
0.000000000000000000e+00,3.076923077000000006e+00,1.735443616214342455e+03,-1.735443616214342455e+03,-2.828295478402961471e+00,-4.142250371593331630e-12
0.000000000000000000e+00,3.282051281999999848e+00,1.813323449803891435e+03,-1.813323449803891435e+03,-4.788896217067337702e+00,-4.310859287763101256e-12
0.000000000000000000e+00,3.487179487000000133e+00,1.491503711562934086e+03,-1.491503711562934086e+03,-5.601747945793459849e+01,-4.066535553803837316e-12
0.000000000000000000e+00,3.692307691999999975e+00,1.252432188158698409e+03,-1.252432188158698409e+03,-1.001039594946102653e+02,-2.991920549278967857e-12
0.000000000000000000e+00,3.897435896999999816e+00,1.283345875462341610e+03,-1.283345875462341610e+03,-4.579984136553434837e+01,-1.230196165829684042e-12
0.000000000000000000e+00,4.102564102999999740e+00,1.190963748906977798e+03,-1.190963748906977798e+03,-1.075981530858618811e+02,-2.316395591505236781e-12
0.000000000000000000e+00,4.307692308000000025e+00,1.383821016956030689e+03,-1.383821016956030689e+03,-3.671757683136624451e+01,-1.817340773723644817e-12
0.000000000000000000e+00,4.512820513000000311e+00,1.678979450010391020e+03,-1.678979450010391020e+03,-2.942923835850988468e+01,5.253833163849167777e-13
0.000000000000000000e+00,4.717948717999999708e+00,1.503568216491214571e+03,-1.503568216491214571e+03,-2.370679648847178456e+01,1.626275468890044770e-12
0.000000000000000000e+00,4.923076922999999994e+00,1.730231018661207827e+03,-1.730231018661207827e+03,-4.860220559790379724e+01,3.372218203970005402e-12
0.000000000000000000e+00,5.128205128000000279e+00,2.083165125124115548e+03,-2.083165125124115548e+03,-2.446410303111939944e-12,3.609119219909245402e+01
0.000000000000000000e+00,5.333333332999999676e+00,2.259596660859966960e+03,-2.259596660859966960e+03,-7.331153330382653693e-13,4.864183817391180042e+01
0.000000000000000000e+00,5.538461537999999962e+00,2.528422925323488016e+03,-2.528422925323488016e+03,9.547777664624879772e-13,7.475110562195400377e+00
0.000000000000000000e+00,5.743589744000000330e+00,2.678379682148845859e+03,-2.678379682148845859e+03,1.287893331470388484e-12,2.394071043404206733e+01
0.000000000000000000e+00,5.948717948999999727e+00,2.895699961501039070e+03,-2.895699961501039070e+03,-6.922825052768431003e-13,3.883751034345019093e+01
0.000000000000000000e+00,6.153846154000000013e+00,3.044827635803807880e+03,-3.044827635803807880e+03,5.565848921449871212e-13,4.058256780458467716e+01
0.000000000000000000e+00,6.358974359000000298e+00,3.175760479955087249e+03,-3.175760479955087249e+03,1.220585285189840310e-12,6.011786594442295240e+00
0.000000000000000000e+00,6.564102563999999695e+00,3.421765840752217628e+03,-3.421765840752217628e+03,2.273021347530583057e-12,1.598938255815376408e+01
0.000000000000000000e+00,6.769230768999999981e+00,3.443999055592430977e+03,-3.443999055592430977e+03,2.180867902252912706e-13,1.648321106315414397e+01
0.000000000000000000e+00,6.974358974000000266e+00,3.521934115155696873e+03,-3.521934115155696873e+03,-9.885170630145215206e-13,2.386362400187256938e+01
0.000000000000000000e+00,7.179487178999999664e+00,3.464988538847720520e+03,-3.464988538847720520e+03,-1.439457493828700585e+01,-1.758862786252454958e-12
0.000000000000000000e+00,7.384615385000000032e+00,3.619746016622445495e+03,-3.619746016622445495e+03,1.482149573488316381e-12,3.837699629207188678e+01
0.000000000000000000e+00,7.589743590000000317e+00,3.654031170247748378e+03,-3.654031170247748378e+03,5.807068824559468912e-12,4.041916169877167420e+01
0.000000000000000000e+00,7.794871794999999715e+00,3.567100964298690997e+03,-3.567100964298690997e+03,-5.251125474520911496e+00,2.781553044757129491e-12
0.000000000000000000e+00,8.000000000000000000e+00,3.709937732276987845e+03,-3.709937732276987845e+03,3.959738038798050275e-12,2.247855914236126651e+01
8.692102418716173007e-02,2.660566117764922911e+00,2.411176228415625246e+03,-2.411176228415625246e+03,-1.842165862673146562e-12,2.243121033097093076e+01
2.412050530339943447e-02,6.665020313217584480e+00,3.502267476841760981e+03,-3.502267476841760981e+03,9.029705549044035846e-13,3.531577341949010673e+01
1.444093624408729071e-01,5.236732753983020849e+00,2.181874324325656744e+03,-2.181874324325656744e+03,-3.009538663429066558e-12,7.468121201758499694e+01
1.035132840504263407e-01,1.172313396960973586e+00,3.278767696680217341e+03,-3.278767696680217341e+03,-2.399359037621752905e-12,6.566255887946244485e+00
9.699826083946763711e-02,3.161608620984052709e-01,3.710287999722430868e+03,-3.710287999722430868e+03,-9.426556229503924556e+01,3.165724186277601093e-12
1.352160063622437902e-01,1.794725808926624477e+00,2.992804604491416740e+03,-2.992804604491416740e+03,2.683074637824967322e-13,1.860492717799202822e+01
1.559987944525521308e-01,1.921943741626952473e+00,2.884085546255575537e+03,-2.884085546255575537e+03,1.676999947256122349e-12,2.190169201921592901e+01
9.340234205563653636e-02,8.166047716414672752e-01,3.380683156041033726e+03,-3.380683156041033726e+03,-3.827273961836035632e+00,-1.423629173624409134e-12
1.295312740413752939e-01,6.727229526025256590e+00,3.285126380260433507e+03,-3.285126380260433507e+03,-2.516731361744143669e+01,-4.345238293394272953e-13
2.032992931284309523e-01,5.541529770720965864e+00,2.518451354810130397e+03,-2.518451354810130397e+03,2.516973289110933240e-12,4.336052645953962070e+01
7.230128038233656074e-02,6.661738163767568111e+00,3.413687800908955978e+03,-3.413687800908955978e+03,3.192617909696640766e-13,7.677192761876470151e-01
1.578138624353569719e-01,4.458155325537340730e-01,3.549858473126383160e+03,-3.549858473126383160e+03,-9.394825805930196339e+01,-1.108523264855419283e-12
2.545811478745931833e-01,4.082579402569155747e+00,1.608333382958363018e+03,-1.608333382958363018e+03,-8.166646925644830901e+01,-1.523221989821189748e-13
2.378725111961623728e-01,6.894867028572181589e+00,3.261511432477141170e+03,-3.261511432477141170e+03,-1.675841347326987751e+00,1.250349496258466334e-12
2.300280879556813041e-01,2.034092678404742782e-01,3.682445965066063764e+03,-3.682445965066063764e+03,-5.302214085046229002e+02,2.885547483018580326e-12
2.051282050000000079e-01,0.000000000000000000e+00,3.754699512027805667e+03,-3.754699512027805667e+03,-1.090293317546805611e+03,5.309712763984987089e-12
2.051282050000000079e-01,8.000000000000000000e+00,3.454712049555736030e+03,-3.454712049555736030e+03,-1.792426326775111534e+01,4.100149716302440515e-12
1.248228595110656008e-01,7.486919964131192984e+00,3.508833015948839602e+03,-3.508833015948839602e+03,-6.559224506693810852e+00,5.030468990083702775e-13
3.127003479129663033e-01,4.856949626038939094e+00,2.055572214983495542e+03,-2.055572214983495542e+03,-1.972074433767752275e-13,7.409738052439712064e+00
2.120882358536261558e-01,6.151509115603590594e+00,2.988831157457298104e+03,-2.988831157457298104e+03,-1.580196093818369313e-13,3.903094817855087229e+01
2.838181924329905570e-01,5.155208773430411284e+00,2.280926242071010165e+03,-2.280926242071010165e+03,-6.927137805986371169e-13,7.967530005476709221e+01
2.695960811264953572e-01,6.364661471266444437e+00,3.077784986086620847e+03,-3.077784986086620847e+03,-1.853980949234363448e-12,3.016310883127890108e+01
2.407044774174185719e-01,9.510751537986060766e-01,3.256988871421825934e+03,-3.256988871421825934e+03,-2.100844368075126667e+01,-2.083463635364945228e-12
2.075639372200531185e-01,6.583155479860973713e+00,3.203559410782567284e+03,-3.203559410782567284e+03,-2.751231940349296856e+00,1.373912053295163758e-13
4.102564100000000158e-01,0.000000000000000000e+00,3.279414540726165797e+03,-3.279414540726165797e+03,-8.610738332237920076e+02,4.077223853123396501e-12
4.102564100000000158e-01,8.000000000000000000e+00,3.177605485860683984e+03,-3.177605485860683984e+03,-3.239693867304882957e+01,3.023044544582674021e-12
2.259100760750251402e-01,6.703238661996314685e-01,3.365314044310657664e+03,-3.365314044310657664e+03,-5.673542604483009910e+01,-2.541666056640924789e-12
2.604449361624182058e-01,2.853564253256093863e+00,2.250275607259281060e+03,-2.250275607259281060e+03,-2.990219189288722429e-12,3.339541537610957533e+01
2.596533912568625424e-01,2.147776014830802715e+00,2.732854820159196152e+03,-2.732854820159196152e+03,2.844118649915841068e-12,4.771984489299703824e+01
3.612177519671540549e-01,7.277218387376154674e+00,3.195956711079797969e+03,-3.195956711079797969e+03,-2.201255555088695459e+01,-2.632157883094466205e-13
2.393197056637645648e-01,3.656589067743707400e+00,1.659725114242403833e+03,-1.659725114242403833e+03,-4.795794148947582158e+01,-8.658671425503733318e-13
2.763518989329034059e-01,1.218078380669486149e+00,3.154155148789595842e+03,-3.154155148789595842e+03,-3.196250164003852249e-12,7.149060246067261204e+00
3.925834470173469315e-01,6.461878220825314934e+00,2.984818117979514682e+03,-2.984818117979514682e+03,3.633192997046025251e-13,3.893766614342514032e+01
4.691145379273968241e-01,7.335992161270924461e-01,3.158588893596500839e+03,-3.158588893596500839e+03,-1.327823859972655498e+02,-8.128748911021853136e-13
3.874619671045067548e-01,7.695685984697965054e+00,3.197738065541486321e+03,-3.197738065541486321e+03,-3.897479138809021748e+01,-1.399828623483097086e-12
3.934571207924457137e-01,4.592476332428621633e-01,3.310851946799247344e+03,-3.310851946799247344e+03,-2.694778027801735902e+02,-1.438510311672057916e-12
5.345595359503220179e-01,6.267830160052857202e+00,2.876474687263287706e+03,-2.876474687263287706e+03,9.304115946026678949e-13,8.964179146340728721e+01
5.281684871705325524e-01,7.862448994039337613e+00,3.071606731392423626e+03,-3.071606731392423626e+03,-5.575004947765562235e+01,-2.138107767869731385e-12
3.842891485811987251e-01,1.769727257170024881e+00,2.912291059909026444e+03,-2.912291059909026444e+03,2.337758377704398954e-12,6.018842995224825643e+01
2.931491802123029622e-01,5.329941812403360402e+00,2.402909855211595641e+03,-2.402909855211595641e+03,3.288887622924117628e-13,6.610052053360237778e+01
4.581203258757570174e-01,5.488541062243607271e+00,2.649395078342256966e+03,-2.649395078342256966e+03,2.714869424150444105e-12,1.053328623074379209e+02
5.760944965201328927e-01,2.008122461936844017e-01,2.997664917715966567e+03,-2.997664917715966567e+03,-6.526595425728025930e+02,1.114045205273951054e-12
4.650852662616479227e-01,3.826519263652643499e+00,2.022813009886716145e+03,-2.022813009886716145e+03,-1.069698676173687630e+02,2.229739371017908296e-12
5.413505374047042906e-01,3.655052008017929843e+00,2.245840221512383323e+03,-2.245840221512383323e+03,-1.081476341327748969e+02,3.334497953097714660e-12
2.916476629749542027e-01,1.464383504034780570e+00,3.067816687530195850e+03,-3.067816687530195850e+03,-1.809779685460010253e-12,2.453482697458303718e+01
6.153846149999999682e-01,0.000000000000000000e+00,2.980568100277533631e+03,-2.980568100277533631e+03,-9.269790405757626104e+02,2.231292380129636204e-12
6.153846149999999682e-01,8.000000000000000000e+00,2.881041047209517274e+03,-2.881041047209517274e+03,-5.298864351750169277e+01,-6.986819725971605169e-13
4.947300206859979177e-01,2.474001180328335714e+00,2.653477614881068803e+03,-2.653477614881068803e+03,-2.649359086599662179e-13,1.393925546418956287e+02
6.461323452200460338e-01,7.016578196736078077e+00,2.890093029176035088e+03,-2.890093029176035088e+03,1.385594743486463021e-13,1.814725858955088356e+01
4.671679828663882761e-01,5.814945599394457432e+00,2.770317287543526618e+03,-2.770317287543526618e+03,1.426083456129554439e-12,1.084169092205869447e+02
7.005850525402721463e-01,5.012481222118190249e-01,2.904961230956257168e+03,-2.904961230956257168e+03,-3.339951876122275962e+02,2.766666879461866222e-13
5.573173614445322555e-01,6.631964679029052512e+00,2.920507059320945700e+03,-2.920507059320945700e+03,2.232910246559434903e-12,4.851822491201456700e+01
6.993563064725444312e-01,7.754209745153109345e+00,2.846623944261488305e+03,-2.846623944261488305e+03,-5.065830255881548538e+01,-1.916468561532228763e-12
7.700478636761560747e-01,7.390118764922082306e+00,2.777256539213960423e+03,-2.777256539213960423e+03,-1.058612263607626147e+01,-1.669791760219839992e-12
6.864793363734155163e-01,2.748141231871723988e+00,2.688281313671174757e+03,-2.688281313671174757e+03,-3.230734228904345425e-13,1.573377175439799203e+02
6.816946204357948735e-01,2.964891769515643372e+00,2.586831408913129053e+03,-2.586831408913129053e+03,6.826791255149395959e-13,9.077456309242816701e+01
5.151608974675652153e-01,1.020644839283818550e+00,3.049294787732423629e+03,-3.049294787732423629e+03,-2.908173297570041171e+01,-2.820955685740828430e-12
6.515390314409296169e-01,3.329739590663777893e+00,2.448992636429825779e+03,-2.448992636429825779e+03,-6.252171545595091118e+01,-8.878047578716388534e-13
8.205128210000000033e-01,0.000000000000000000e+00,2.668701879582700712e+03,-2.668701879582700712e+03,-7.620960576999550540e+02,1.197691483021136636e-12
8.205128210000000033e-01,8.000000000000000000e+00,2.677235629663924101e+03,-2.677235629663924101e+03,-5.249428209289563796e+01,1.817402828498863046e-13
7.851901192104523419e-01,2.860777939696387051e+00,2.709673701010850891e+03,-2.709673701010850891e+03,-2.325883492083720163e-12,1.476215143984764495e+02
6.672569956509373235e-01,5.223621643098891099e+00,2.660920476852437787e+03,-2.660920476852437787e+03,9.196726025968664302e-13,1.259710510810490405e+02
8.425957354246940145e-01,7.888564804752365767e+00,2.664736995475565891e+03,-2.664736995475565891e+03,-4.257079088294222657e+01,9.860849007811139389e-13
7.959219994426033340e-01,5.654502617904350714e+00,2.796575959177879668e+03,-2.796575959177879668e+03,7.948509458309563316e-13,2.171877164159057827e+02
6.571905676798338591e-01,5.531906648514104852e+00,2.751127595620814645e+03,-2.751127595620814645e+03,1.347948512956585196e-12,1.772493956227806677e+02
7.368528632564849135e-01,7.985928405660477347e-01,2.885366705160130095e+03,-2.885366705160130095e+03,-1.310758344932647503e+02,8.065720753417379032e-14
9.408714106015420020e-01,7.125189970768404990e+00,2.640238885072105404e+03,-2.640238885072105404e+03,-2.279457567059340645e-12,3.850784164819155109e+01
5.820076114737060546e-01,1.457440625359840869e+00,2.914757096335486040e+03,-2.914757096335486040e+03,-2.188458408239974649e-12,6.506743866991988057e+01
8.382246377492149625e-01,5.789712576444441261e+00,2.794200148120538870e+03,-2.794200148120538870e+03,3.348495111015016249e-12,2.123496206775309361e+02
1.007320732071796288e+00,6.780758796963964663e+00,2.607870630761526627e+03,-2.607870630761526627e+03,-1.349848183696458261e-12,9.650330930865369794e+01
6.074540267832935214e-01,3.780420302553918699e+00,2.328774218216768531e+03,-2.328774218216768531e+03,-1.378404108798068819e+02,4.090100521465576402e-12
5.054709693323351516e-01,1.263827732069289222e+00,3.017623395454902493e+03,-3.017623395454902493e+03,-5.748435495475580056e-12,2.194847246383795891e+01
8.546445957201505017e-01,2.928267785756481612e+00,2.798904560031210167e+03,-2.798904560031210167e+03,2.038543211471224912e-13,1.275965072633823070e+02
8.468158678412139873e-01,3.070174716783818258e+00,2.731670162417571191e+03,-2.731670162417571191e+03,1.451537052782355282e-12,5.531669860213263945e+01
8.615500365372493752e-01,2.415672419939760840e-01,2.646255733081053677e+03,-2.646255733081053677e+03,-5.745952304193172040e+02,1.319893505113687036e-12
9.675575247660919143e-01,6.030741950293091236e+00,2.740463371894441480e+03,-2.740463371894441480e+03,9.896636353621356775e-13,2.287101334433743318e+02
8.981076079657106526e-01,4.794850759569673215e+00,2.773910951522882897e+03,-2.773910951522882897e+03,-3.230914458916760168e+01,-5.281411606234259464e-13
8.598150965862821904e-01,1.158106701919497938e+00,2.761778650993121119e+03,-2.761778650993121119e+03,-1.343690403684686269e-12,7.630066588512820047e+00
8.628864418266775083e-01,6.253117119391011780e-01,2.746366787497244331e+03,-2.746366787497244331e+03,-2.616416056547687390e+02,1.152345637553193952e-12
6.804143078222414376e-01,3.957927663792062845e+00,2.364134759166120602e+03,-2.364134759166120602e+03,-2.223632213901643979e+02,4.103761382340701417e-13
9.324503063787805690e-01,3.179298389854866347e+00,2.828584544001220365e+03,-2.828584544001220365e+03,-2.440775804096944057e+00,-1.601982103220543105e-12
1.067813441741932046e+00,2.080654823517397722e-01,2.421353127386355936e+03,-2.421353127386355936e+03,-6.007323672163159927e+02,3.673535184289339008e-12
6.498886617832408952e-01,4.398831654396697211e+00,2.366642513260962915e+03,-2.366642513260962915e+03,-1.573579349008445831e+02,-1.525100757809987982e-12
9.139923645689366216e-01,2.802854736771350108e+00,2.856414557655093631e+03,-2.856414557655093631e+03,-1.192008644237862342e-13,1.655702146397875651e+02
1.025641025999999956e+00,0.000000000000000000e+00,2.431005803147888400e+03,-2.431005803147888400e+03,-7.788483415109867565e+02,3.664047513599896669e-12
1.025641025999999956e+00,8.000000000000000000e+00,2.543240697571584860e+03,-2.543240697571584860e+03,-3.626714714183490429e+01,1.084378711203867488e-12
7.406000154789363910e-01,3.682194313656141471e+00,2.490763061954504337e+03,-2.490763061954504337e+03,-2.287746106680899629e+02,1.202007042990188921e-12
9.464051283122806302e-01,2.970933751195319328e+00,2.864754642412071917e+03,-2.864754642412071917e+03,8.718970647004447935e-13,1.193410539741994114e+02
8.660653625164250746e-01,1.630663478953634948e+00,2.768286059086512978e+03,-2.768286059086512978e+03,9.699424254862672828e-13,1.516480350297736948e+02
1.046072215051579102e+00,3.301391924542175449e+00,2.957523102511955585e+03,-2.957523102511955585e+03,-1.212747348532817000e+02,-1.079737865318374973e-12
9.811905809994468930e-01,7.185390870627188953e+00,2.638274942502461272e+03,-2.638274942502461272e+03,-4.306722436137689515e-12,2.958524325449822712e+01
8.724166183341230951e-01,6.419097640663673943e+00,2.721560272328749306e+03,-2.721560272328749306e+03,2.460628082886933978e-12,1.484802491099769099e+02
9.534018224314568801e-01,3.427751816075869762e+00,2.816161275694013057e+03,-2.816161275694013057e+03,-1.910418704043269429e+02,-1.312706420686781729e-12
1.001349916554317376e+00,8.995053196100165349e-02,2.479180634483545873e+03,-2.479180634483545873e+03,-7.153467706461112812e+02,1.124805797330697180e-12
1.034523021817487676e+00,7.189391216481263669e+00,2.535469134635885894e+03,-2.535469134635885894e+03,-1.446666580561155429e-12,2.619170445118594870e+01
9.472919056901860646e-01,2.901800138497814263e+00,2.890336345079334933e+03,-2.890336345079334933e+03,2.181391250703462759e-12,1.369504291156886211e+02
9.666884861205474744e-01,7.242230938963783338e+00,2.606129011985427496e+03,-2.606129011985427496e+03,-3.141919734241886075e-12,1.782239469995738901e+01
7.806436657504177701e-01,2.099536928943375624e+00,2.786399491156308613e+03,-2.786399491156308613e+03,-4.301840642899376756e-13,2.124829191579988787e+02
1.176830427279593305e+00,7.073156361170767958e+00,2.409688600896009120e+03,-2.409688600896009120e+03,-2.936574586110377465e-12,5.810814593301838471e+01
1.027052363137664459e+00,4.529766401154017963e+00,2.902840993916242951e+03,-2.902840993916242951e+03,-2.673501336123690635e+02,-1.509658771743351913e-12
9.996158498892240285e-01,4.120009106778391939e+00,2.787621557128426502e+03,-2.787621557128426502e+03,-4.702677695944792049e+02,-1.408601752587801302e-12
1.022069377827307779e+00,4.334162972370431355e+00,2.861817519858474043e+03,-2.861817519858474043e+03,-3.836055138655214023e+02,-7.530142552925738553e-13
1.001646269471774930e+00,4.489961406815607958e-01,2.548991763295199689e+03,-2.548991763295199689e+03,-4.106686739167144538e+02,2.127199988276710535e-12
1.008002244280886694e+00,3.049652495616719250e+00,2.916199114181930781e+03,-2.916199114181930781e+03,3.838956141807680490e-13,7.488833999619490100e+01
9.779054676691016912e-01,2.533863384967999011e+00,2.856416844615466289e+03,-2.856416844615466289e+03,-2.269143721040873918e-13,2.522543589452703827e+02
9.172616342680868229e-01,3.555709775806711548e+00,2.732994323417332453e+03,-2.732994323417332453e+03,-2.615780699236015039e+02,-1.997256532683913685e-12
8.939131369850293884e-01,5.476897451801472805e+00,2.831734550103346919e+03,-2.831734550103346919e+03,8.002913866723877319e-13,2.307258543030731914e+02
1.104528557721651483e+00,7.322054899160205466e+00,2.444114548354054932e+03,-2.444114548354054932e+03,-9.651902475218573505e-13,6.887682900122722440e-01
1.069432377640244791e+00,2.906493092091152253e+00,2.965430376497590260e+03,-2.965430376497590260e+03,6.883413874091752926e-13,1.435688066182123634e+02
1.096153814971460250e+00,4.670613005179719224e+00,2.982001315552864526e+03,-2.982001315552864526e+03,-1.776359558618669041e+02,-5.425669586759449802e-13
1.051758457743729114e+00,7.688772790152297532e+00,2.489052239948886381e+03,-2.489052239948886381e+03,-3.008252773366199762e+01,9.682043203698584669e-13
1.069345706482212499e+00,2.742604424426995813e+00,2.934725147764234407e+03,-2.934725147764234407e+03,1.016403741128218061e-12,2.087726181998730226e+02
1.171483372385941024e+00,4.236280298394106580e+00,3.058090509046765874e+03,-3.058090509046765874e+03,-5.410537453820124938e+02,5.916401152814632254e-13
1.061931410927727581e+00,5.474198847378260346e+00,2.883724045590505739e+03,-2.883724045590505739e+03,2.145214473907504904e-12,2.667925915661584781e+02
1.173802582547034845e+00,2.669872954283110555e+00,2.958141438759683297e+03,-2.958141438759683297e+03,2.589423816135330622e-12,2.525919380279550523e+02
1.041493992392634071e+00,3.814518081015116913e+00,2.872899594454965609e+03,-2.872899594454965609e+03,-4.646515827108459575e+02,-2.524354058733885208e-12
1.258318967504111541e+00,4.384406108677866953e+00,3.224649843974937994e+03,-3.224649843974937994e+03,-5.084397285355121312e+02,3.435502780187583784e-13
1.139744029227464095e+00,4.752658914390947231e+00,3.058603306201212035e+03,-3.058603306201212035e+03,-1.054541358576283869e+02,-8.363773871600818029e-13
1.232559831173982490e+00,4.593308014532714090e+00,3.164641746689468619e+03,-3.164641746689468619e+03,-3.080798666759976641e+02,-1.542774069139071777e-12
1.230769231000000019e+00,0.000000000000000000e+00,2.306300530920096662e+03,-2.306300530920096662e+03,-7.086427619444275479e+02,3.706495219627147366e-12
1.230769231000000019e+00,8.000000000000000000e+00,2.237668940692866272e+03,-2.237668940692866272e+03,-4.773468511888278698e+01,-2.178845443145948274e-12
1.195365243394768573e+00,3.524798842406555721e+00,3.121993525638825304e+03,-3.121993525638825304e+03,-3.822537253228061331e+02,-2.941846341221655553e-12
1.104651007546649799e+00,3.146978963629376569e+00,3.008261938128627662e+03,-3.008261938128627662e+03,-1.421251347630744277e+01,-2.684359865649558850e-12
1.319886840608063494e+00,7.465116053571724919e+00,2.235965962727137594e+03,-2.235965962727137594e+03,-6.737821011472166610e+00,-1.584358171328449479e-12
1.178342298002842181e+00,4.679915949786792595e+00,3.116070323644000837e+03,-3.116070323644000837e+03,-1.937832635653045088e+02,-7.971806503343662688e-13
1.139779842977521440e+00,4.864611307534568496e+00,3.035199863122310489e+03,-3.035199863122310489e+03,-3.376432464752254958e+01,-2.647536699888141451e-13
1.182402984024097048e+00,3.214148228410974362e+00,3.089249950960484057e+03,-3.089249950960484057e+03,-9.438532825751821065e+01,-2.079245369556728090e-12
1.173920990461252867e+00,5.443107724346284648e+00,2.883078600864567306e+03,-2.883078600864567306e+03,2.542131608129364966e-12,2.777291391706458512e+02
1.194318710137780348e+00,3.159264098157349654e+00,3.090087321915105349e+03,-3.090087321915105349e+03,-3.435221003622221758e+01,-5.373927720995983578e-12
1.118992867331637386e+00,5.658049335345776143e+00,2.810608133663008630e+03,-2.810608133663008630e+03,1.808836876896220686e-12,2.938862520600340531e+02
1.301633816313549685e+00,4.236616530879561360e+00,3.280222961214504721e+03,-3.280222961214504721e+03,-6.459810434038172389e+02,-1.202828432395953663e-12
1.213820187875513934e+00,2.257977300436505352e+00,2.790633085425643458e+03,-2.790633085425643458e+03,-1.720748328813202060e-13,3.408149379261807326e+02
1.141214781424822799e+00,3.026138801478839735e+00,3.033344166341654272e+03,-3.033344166341654272e+03,-3.107084985244953962e-12,7.442253649730159282e+01
1.172562361426878530e+00,2.958664354358450321e+00,3.041970836818247335e+03,-3.041970836818247335e+03,5.778230487209041225e-13,1.188226024224115349e+02
1.231209960131220527e+00,4.912518122647598240e+00,3.085448523950014533e+03,-3.085448523950014533e+03,-2.303650395822062080e+01,-3.663366361217081937e-13
1.227453854515977216e+00,2.443972520680356197e+00,2.863908878489880408e+03,-2.863908878489880408e+03,2.098436594581659369e-12,3.336557872857793541e+02
1.292138369754352922e+00,6.384432812247579747e+00,2.476258832379528940e+03,-2.476258832379528940e+03,-2.619097820599453237e-12,2.260833954045364749e+02
1.205787922382452804e+00,2.801315544695810900e+00,3.014385998562449458e+03,-3.014385998562449458e+03,2.489707930890827634e-12,1.971511002375293913e+02
1.231842921706056915e+00,2.567156030721693405e+00,2.940744135580461716e+03,-2.940744135580461716e+03,2.419506446210789039e-12,2.953129660674252364e+02
1.419690195400756361e+00,7.690861341857718969e+00,2.110707962812129608e+03,-2.110707962812129608e+03,-4.334999814583170519e+01,-5.982909764557219856e-13
1.056537100262617823e+00,5.317402413840619957e+00,2.907371672019642574e+03,-2.907371672019642574e+03,1.176781935625396755e-12,2.300830831736911080e+02
1.312103159194068613e+00,2.378028948469341763e+00,2.845383168070781267e+03,-2.845383168070781267e+03,1.866783399279057360e-12,3.656092638111668407e+02
1.209298049107485395e+00,2.907627821737103879e+00,3.058483185123131989e+03,-3.058483185123131989e+03,3.332607734222604774e-12,1.423990955826901654e+02
1.219946977673216582e+00,3.101396901869639677e+00,3.106900835625348009e+03,-3.106900835625348009e+03,-3.272895509052460739e+00,-3.866724342289886259e-12
1.145423339880342617e+00,5.058507859015549890e+00,2.977222768595618163e+03,-2.977222768595618163e+03,1.907747857157449443e-12,1.064936353258103026e+02
1.265527187151249011e+00,3.175983144175226869e+00,3.178154095808471538e+03,-3.178154095808471538e+03,-6.940456665840866890e+01,-2.243790949209201822e-12
1.378413566503691623e+00,2.705563011448313571e+00,3.011004793190644705e+03,-3.011004793190644705e+03,3.935539526110637939e-13,2.557047710328220091e+02
1.155056289232971878e+00,3.992308484219757148e+00,3.036074584707970644e+03,-3.036074584707970644e+03,-6.312142570098144461e+02,-9.202614402309137504e-13
1.363489455722511012e+00,6.045189111925747483e+00,2.560684688936711609e+03,-2.560684688936711609e+03,-6.820790194092418413e-13,3.176679635241711139e+02
1.295853421805127192e+00,3.288751881371904773e+00,3.241516514463889507e+03,-3.241516514463889507e+03,-1.866659726446630998e+02,-4.542632495772816093e-13
1.010405557205268146e+00,7.518896320589427695e-01,2.603826498392792018e+03,-2.603826498392792018e+03,-1.907562629146412689e+02,-3.965505374063135853e-13
1.392408439068926418e+00,4.277640060589242843e+00,3.475949917174015809e+03,-3.475949917174015809e+03,-6.613907212425955322e+02,3.491312402724983319e-13
1.193590144215937121e+00,5.223046015210562665e+00,2.955063916100304596e+03,-2.955063916100304596e+03,4.059533584362172157e-12,2.150554623629561206e+02
1.396050839212587880e+00,2.483294280988572744e+00,2.878195264738101287e+03,-2.878195264738101287e+03,-9.435115020457518930e-13,3.435439745323280931e+02
1.262646482684441240e+00,5.545732868322709175e-01,2.290238596702849009e+03,-2.290238596702849009e+03,-3.093857656124898767e+02,-2.639419449675565629e-12
1.240696786730599133e+00,4.700818362887424051e+00,3.161507590605162022e+03,-3.161507590605162022e+03,-2.097635455502892796e+02,-1.229542619144769652e-12
1.252138328904084164e+00,5.319667815778192477e+00,2.951810499665319185e+03,-2.951810499665319185e+03,3.008537195548297738e-12,2.555631493768134703e+02
1.406585699825340985e+00,2.327050860459194848e+00,2.788865850621114987e+03,-2.788865850621114987e+03,2.168186528012901920e-13,3.631975965674696454e+02
1.265272036659720545e+00,2.995910991512653165e+00,3.112574428634694868e+03,-3.112574428634694868e+03,5.201952302240558415e-13,7.724016680934366264e+01
1.271666557241561080e+00,4.104764550978424076e+00,3.250843444716463637e+03,-3.250843444716463637e+03,-6.685990975681606869e+02,-3.401865767851034514e-14
1.246959875164768139e+00,5.866150927940386950e+00,2.699398210603580083e+03,-2.699398210603580083e+03,4.600807197926440020e-13,3.169074002193144679e+02
1.304356331447094286e+00,3.929411459747674140e+00,3.317382439229455485e+03,-3.317382439229455485e+03,-7.041818154047870166e+02,-8.213928611457360371e-13
1.329462046419693122e+00,5.753242739844250941e+00,2.704633572065824410e+03,-2.704633572065824410e+03,1.322853523142007525e-12,3.378840220160636250e+02
1.352344563513136588e+00,3.188052266112433308e+00,3.226996606018845341e+03,-3.226996606018845341e+03,-1.066010313168714703e+02,-6.468017287366473732e-13
1.410183812013947380e+00,4.178464558926672900e+00,3.573052232513832223e+03,-3.573052232513832223e+03,-7.465704150835302926e+02,-1.443090376306161079e-12
1.242662358059366978e+00,2.595204728802832927e-01,2.239151232879325562e+03,-2.239151232879325562e+03,-5.206443826891145363e+02,1.351707938577095507e-13
1.279077855646284956e+00,4.801805036780210756e+00,3.180440046889061705e+03,-3.180440046889061705e+03,-1.213831791985455482e+02,6.970373263045300875e-14
1.408962344691053525e+00,7.206926381288869088e+00,2.156995397962654351e+03,-2.156995397962654351e+03,-2.085073652976707790e-12,2.792269910925783805e+01
1.315566488136701073e+00,5.194705442705038756e+00,3.012412475610517049e+03,-3.012412475610517049e+03,2.950828632975294867e-12,2.252347694806383345e+02
1.368443583385873907e+00,4.673519001936659478e+00,3.326141108155846268e+03,-3.326141108155846268e+03,-2.910065119015146138e+02,1.326149047459844071e-12
1.435897436000000083e+00,0.000000000000000000e+00,1.998271583146290595e+03,-1.998271583146290595e+03,-5.534711244778525270e+02,-2.518441039174725008e-12
1.435897436000000083e+00,8.000000000000000000e+00,2.060242144202095005e+03,-2.060242144202095005e+03,-7.171633751473167706e+01,-5.374280872143070128e-12
1.333231379636543146e+00,3.753567473277461986e+00,3.355031751796598655e+03,-3.355031751796598655e+03,-6.470452011813347326e+02,-3.520898367694863415e-12
1.327232871244050205e+00,2.877528857012693564e+00,3.100032820806966811e+03,-3.100032820806966811e+03,1.664480547640623516e-12,1.545902471782588066e+02
1.341468020158385732e+00,3.106323040348146325e+00,3.212191645520386373e+03,-3.212191645520386373e+03,-3.583071606637385287e+01,7.764535238000649682e-13
1.450065983367891720e+00,5.842850630620685770e+00,2.627216751069970996e+03,-2.627216751069970996e+03,-1.762790891226478093e-14,3.466506743900486640e+02
1.504930650270867698e+00,7.877454564455237396e+00,2.009713360143606224e+03,-2.009713360143606224e+03,-6.158028258620732487e+01,-3.080800476558198481e-12
1.262779078032284730e+00,1.882656222516022604e+00,2.614012215278765325e+03,-2.614012215278765325e+03,-1.643844235149612953e-12,2.864596133413676284e+02
1.460419481072383840e+00,4.353881594732610161e+00,3.622227219653932025e+03,-3.622227219653932025e+03,-6.504000930903530389e+02,2.955615230908548643e-12
1.455464131422586904e+00,3.449753982833378418e-01,2.026788454914953036e+03,-2.026788454914953036e+03,-4.082564285713141317e+02,-3.309952380859216542e-12
1.520075466566543909e+00,3.436317738382622444e+00,3.614040897572045651e+03,-3.614040897572045651e+03,-4.386147365122704969e+02,-1.381757380623338453e-12
1.334810748694927440e+00,9.247507352832088356e-01,2.297595002099256817e+03,-2.297595002099256817e+03,-9.473231301342140398e+01,1.415341129787438000e-12
1.521801455898524891e+00,2.140738151615221074e+00,2.587634527928284115e+03,-2.587634527928284115e+03,-4.027446618625327096e-13,3.670105323028918178e+02
1.497388473334247738e+00,5.645161973662912835e+00,2.725082538853168444e+03,-2.725082538853168444e+03,7.195213946453810527e-13,3.515229783432592967e+02
1.448885740904054087e+00,3.621368268415952052e+00,3.569859443023644417e+03,-3.569859443023644417e+03,-6.179509492584685404e+02,-1.607001734265491273e-12
1.374244976325224687e+00,5.444373927740817187e+00,2.904446509820805659e+03,-2.904446509820805659e+03,-1.973801631391916671e-12,3.008118640179189924e+02
1.466339723832278841e+00,3.871931442543083079e+00,3.723574866056614155e+03,-3.723574866056614155e+03,-7.961697146760014903e+02,2.659296272532381654e-13
1.460907337381078808e+00,2.860367187509500031e+00,3.138989497864460191e+03,-3.138989497864460191e+03,-1.558130033713941797e-12,1.689300670940722569e+02
1.452041243611691401e+00,4.510539232976351620e+00,3.533184991797393650e+03,-3.533184991797393650e+03,-4.873448113229186447e+02,1.981087552860071270e-12
1.391781735476272264e+00,5.292711736405154355e+00,2.992120840938617675e+03,-2.992120840938617675e+03,1.058117471415660500e-13,2.787974179232836036e+02
1.469993540992800662e+00,4.781586757696920209e+00,3.384623918413249157e+03,-3.384623918413249157e+03,-2.038806240280707982e+02,1.946666417541774253e-12
1.527508276340904247e+00,4.233203653664900479e+00,3.866152653605350679e+03,-3.866152653605350679e+03,-7.544102069298014612e+02,3.574551050991044113e-12
1.538553023777716966e+00,3.759401786330286654e+00,3.902659617695338056e+03,-3.902659617695338056e+03,-7.698253711428145607e+02,-7.002553576034544178e-13
1.356123485208340362e+00,4.922891506784032423e+00,3.211728516870665771e+03,-3.211728516870665771e+03,-2.559280560515081504e+01,1.608268636350931618e-12
1.530339073187084953e+00,4.649831071199853838e+00,3.594641797252643300e+03,-3.594641797252643300e+03,-3.624755780637969451e+02,2.973337959629318117e-12
1.436708446142814788e+00,2.996205693648634316e+00,3.240099171880786344e+03,-3.240099171880786344e+03,1.793583347789377819e-12,5.790101811696629142e+01
1.462366558058742383e+00,5.202793840000651038e+00,3.058933341582886897e+03,-3.058933341582886897e+03,3.039332497130232538e-12,2.251409655704931936e+02
1.440974343992068807e+00,5.068536555630709373e+00,3.165231791055516624e+03,-3.165231791055516624e+03,2.084028141256357309e-12,1.194494529566068053e+02
1.502312065889482406e+00,3.182360081281294217e+00,3.416247360102558559e+03,-3.416247360102558559e+03,-1.562733917063687272e+02,-9.411300899921666450e-14
1.653734708507364815e+00,3.633093922958737121e+00,4.206478919732699069e+03,-4.206478919732699069e+03,-6.736739036544958026e+02,3.214409726311387905e-12
1.598190150737738735e+00,2.799922359600626631e+00,3.074232985019603802e+03,-3.074232985019603802e+03,-7.854043614889724981e-13,1.901841819812881056e+02
1.667993791885954868e+00,4.361877773807385950e+00,4.238759178180673189e+03,-4.238759178180673189e+03,-6.884876320747064256e+02,3.505922857755839191e-13
1.548595356010269875e+00,5.299742078992559335e+00,2.976366965511971102e+03,-2.976366965511971102e+03,7.145700976680210511e-13,2.548150061501160906e+02
1.624658117119462286e+00,2.586639947963294439e+00,2.843028416787042261e+03,-2.843028416787042261e+03,-3.069381601761527672e-12,3.126157405840144179e+02
1.553959378617037368e+00,4.038804053282062156e+00,4.039469486502610380e+03,-4.039469486502610380e+03,-8.102843629922844002e+02,1.790080406272410631e-12
1.527432692480320986e+00,5.962607336266504410e-01,2.021047020136988976e+03,-2.021047020136988976e+03,-2.664280214579832204e+02,-7.813709140162018209e-13
1.558707249730964417e+00,2.923822812393360948e+00,3.149959523030891432e+03,-3.149959523030891432e+03,1.783283699799027590e-12,1.134555564098994296e+02
1.598310506329405190e+00,3.878189376892662743e+00,4.121143007335682341e+03,-4.121143007335682341e+03,-8.158291452948627693e+02,1.546237718589340138e-12
1.640357413224777350e+00,4.553944929424684318e+00,3.850479445511045014e+03,-3.850479445511045014e+03,-5.046129319193117340e+02,-1.763743701041575518e-12
1.609122792342607022e+00,5.155880809481046434e+00,3.092760340715473831e+03,-3.092760340715473831e+03,3.182117629509892923e-12,1.673920772088893614e+02
1.641025640999999924e+00,0.000000000000000000e+00,1.762163202551133509e+03,-1.762163202551133509e+03,-4.975198994004600763e+02,2.552133050868137458e-12
1.641025640999999924e+00,8.000000000000000000e+00,1.819644792387221969e+03,-1.819644792387221969e+03,-7.409205021354392784e+01,8.310369403731140241e-14
1.530764008045283564e+00,1.922709077284615375e+00,2.466293505002976417e+03,-2.466293505002976417e+03,-2.214030187362953091e-12,3.256657977438748048e+02
1.563598289980344225e+00,4.911119186633943201e+00,3.372995104233173151e+03,-3.372995104233173151e+03,-6.475170917807575677e+01,6.545262253125805481e-13
1.676036825218807591e+00,4.186970282901008922e+00,4.371221797468286240e+03,-4.371221797468286240e+03,-7.861746306166564864e+02,1.015230606599426307e-12
1.583554444813633610e+00,2.375194162279498755e+00,2.709092720661402836e+03,-2.709092720661402836e+03,-8.790340434841914407e-13,3.740938158095392509e+02
1.593675113042804625e+00,3.029097909632783914e+00,3.317175794509917978e+03,-3.317175794509917978e+03,-3.858515294480896252e+00,1.907389944014987977e-12
1.628774015167807176e+00,5.449640824243505044e+00,2.796242502637700454e+03,-2.796242502637700454e+03,-2.094272992419064004e-12,3.233760358695324726e+02
1.716590265461253928e+00,4.727253602191861859e+00,3.791001405509004599e+03,-3.791001405509004599e+03,-3.219190551017740631e+02,9.344609631256658685e-14
1.322214541820892819e+00,1.415759083747868186e+00,2.434293772159363925e+03,-2.434293772159363925e+03,2.161396704760983996e-12,1.418887559384778569e+02
1.702777176044245833e+00,3.922272869767061909e+00,4.597724311581896472e+03,-4.597724311581896472e+03,-7.929178862773562741e+02,1.397664305327941191e-12
1.595011565364518935e+00,6.186813428722533814e+00,2.321211725885681062e+03,-2.321211725885681062e+03,-1.193530909306307542e-12,3.025841398964205951e+02
1.727178479799517774e+00,3.798275532997116066e+00,4.683274942741739324e+03,-4.683274942741739324e+03,-7.480598358067370555e+02,2.212284307372928178e-12
1.626957703782454967e+00,5.030334118860048775e+00,3.216940359624395569e+03,-3.216940359624395569e+03,2.143133355033376551e-12,7.934224996793824403e+01
1.849469934199502674e+00,3.685120493408339026e+00,5.158018577530585389e+03,-5.158018577530585389e+03,-5.493578762146082681e+02,3.063053414537670491e-12
1.699664219210637484e+00,2.457335126813640080e+00,2.691792673868987549e+03,-2.691792673868987549e+03,-1.525568038035685890e-12,3.588859110985151233e+02
1.605106466005823851e+00,4.194775744759455804e-01,1.898901979415082224e+03,-1.898901979415082224e+03,-3.698858699976304365e+02,3.545822318432229113e-13
1.704274636795150899e+00,3.306437525670868460e+00,3.801065732181875319e+03,-3.801065732181875319e+03,-3.436236698574812181e+02,-2.095358089472995172e-12
1.737026118576307843e+00,1.956444977188365630e+00,2.294283972570611240e+03,-2.294283972570611240e+03,-1.915095629683176830e-12,3.652658299227397833e+02
1.738143131396065799e+00,2.371326006897013006e+00,2.556367855299332405e+03,-2.556367855299332405e+03,-3.170104990426143636e-14,3.700030864356974121e+02
1.656534698428694830e+00,2.391717107080527094e-01,1.802948788097060515e+03,-1.802948788097060515e+03,-4.271738188327935859e+02,2.209564750932187307e-13
1.675295509941884475e+00,7.148855872891601848e+00,1.932933172350425366e+03,-1.932933172350425366e+03,1.658678294058288539e-12,3.385332988551056843e+01
1.699320206901096642e+00,2.934598958915810574e+00,3.269245566968584171e+03,-3.269245566968584171e+03,2.657546955010297570e-12,6.715831559426946740e+01
1.740388031484962239e+00,2.143132506663481873e+00,2.388054629908090192e+03,-2.388054629908090192e+03,-4.474899437380698609e-13,4.085737816237073048e+02
1.690551730783986795e+00,2.259767381708135403e+00,2.531636523048186973e+03,-2.531636523048186973e+03,1.462684732076475902e-12,3.985284536809415386e+02
1.671924296575688418e+00,6.413130751375986982e+00,2.130756215662900104e+03,-2.130756215662900104e+03,-1.967134775660426019e-12,2.630743481787654900e+02
1.759638896300623756e+00,6.243585494812160519e+00,2.122949431641581214e+03,-2.122949431641581214e+03,-2.046470246081363928e-12,3.100070637567221183e+02
1.612653496663130293e+00,7.417858723979058766e+00,1.933092887552096499e+03,-1.933092887552096499e+03,-2.481108832225167760e+01,8.119353691974110316e-13
1.767007231819586188e+00,3.109547005729292657e+00,3.493042062854136020e+03,-3.493042062854136020e+03,-1.302880391737525656e+02,8.245945057220831746e-13
1.883576573486840600e+00,2.089938777821907401e+00,2.226399699830717054e+03,-2.226399699830717054e+03,-1.432987784654903873e-12,3.811628889036440455e+02
1.807383510654650305e+00,1.318041070041267859e-01,1.664067531654880440e+03,-1.664067531654880440e+03,-4.158119686012657326e+02,1.337756029171821881e-12
1.831405894169416682e+00,4.518411531302513495e+00,4.518996209650127639e+03,-4.518996209650127639e+03,-4.614560116856577565e+02,-2.819140910498871741e-12
1.623192052531417628e+00,5.959920921550595274e+00,2.418229478261995155e+03,-2.418229478261995155e+03,1.696228089018374469e-12,3.719819668091734570e+02
1.561430798089644689e+00,6.815883484900261635e+00,2.105108967967512399e+03,-2.105108967967512399e+03,-9.266233561279372045e-13,1.213194518991864470e+02
1.682193035963343686e+00,5.562757306039299188e+00,2.690826877318242623e+03,-2.690826877318242623e+03,2.671941979251977699e-13,3.524423819993319853e+02
1.781030755283926625e+00,3.991236107748122208e+00,5.143515096713113962e+03,-5.143515096713113962e+03,-7.373257843521491850e+02,7.302621324088025696e-13
1.835185258524267171e+00,3.498375526745388431e+00,4.623701643036365567e+03,-4.623701643036365567e+03,-4.863872130431913092e+02,-8.040722385648226808e-13
1.765282425359302465e+00,4.933251561300205701e+00,3.378090876499168189e+03,-3.378090876499168189e+03,-1.084567026893862050e+02,2.821576760596464679e-12
1.596803169113128806e+00,1.710141003293423223e+00,2.287626184804017612e+03,-2.287626184804017612e+03,-2.804861120182064377e-12,2.804228155942643070e+02
1.795558778851902737e+00,4.090212304768363616e+00,5.237311869233798461e+03,-5.237311869233798461e+03,-7.296784758430536613e+02,1.563491515749550461e-12
1.812116600210841977e+00,2.956604268697673898e+00,3.256214061922815745e+03,-3.256214061922815745e+03,2.699275685437493926e-12,1.381137461440132519e+01
1.893895613065027295e+00,3.306240961746973905e+00,4.141423315104031644e+03,-4.141423315104031644e+03,-3.792991335365025520e+02,-5.803911592816803314e-13
1.832935054251728646e+00,7.278924368658269195e+00,1.732887991274461456e+03,-1.732887991274461456e+03,-1.431498398893930002e+01,4.076919325935634143e-12
1.821997139463032989e+00,7.894768671919779379e+00,1.691622951289055436e+03,-1.691622951289055436e+03,-8.677837104698173221e+01,1.954107286353774139e-12
1.796829707912890761e+00,7.696676715791221035e+00,1.720317819245748524e+03,-1.720317819245748524e+03,-7.395948548274606082e+01,1.499591744993940773e-12
1.778906000077423055e+00,4.967268787158249377e-01,1.742269529690718628e+03,-1.742269529690718628e+03,-3.025805123838825921e+02,-1.100963440100655999e-12
1.751023239785592933e+00,5.080638601949345912e+00,3.110113273402087088e+03,-3.110113273402087088e+03,-3.844732146465567250e-13,2.703583217063319921e+01
1.818655142835016614e+00,5.250634026738281612e+00,2.809094335250544646e+03,-2.809094335250544646e+03,-3.574027124744039729e-13,1.518442265637632147e+02
1.848442787304169554e+00,2.496081593030469836e+00,2.549061015302982014e+03,-2.549061015302982014e+03,-3.258159724925696589e-13,3.279189012276948461e+02
1.832695371288402653e+00,4.209838140222825764e+00,5.324392670092589469e+03,-5.324392670092589469e+03,-6.132086890854405965e+02,8.396917494377578353e-13
1.753154467685921203e+00,5.661906113458513801e+00,2.517230651679949915e+03,-2.517230651679949915e+03,1.473708396063303954e-12,3.699033608980432746e+02
1.846153845999999987e+00,0.000000000000000000e+00,1.563916420136883517e+03,-1.563916420136883517e+03,-4.228403492995951183e+02,2.403515644945626013e-13
1.846153845999999987e+00,8.000000000000000000e+00,1.602190622771619246e+03,-1.602190622771619246e+03,-9.373325083330564667e+01,-6.076364008267088265e-13
1.851276940832598861e+00,3.904568789224860836e+00,5.662244616203197438e+03,-5.662244616203197438e+03,-6.499951305156062062e+02,-1.509289299503328048e-12
1.723642129891491015e+00,8.356466546624433667e-01,1.855477594541641110e+03,-1.855477594541641110e+03,-1.303973055064570303e+02,1.443951535664324865e-12
1.845205092472027575e+00,5.493382683674973954e+00,2.560104987873393384e+03,-2.560104987873393384e+03,-2.090646917064062752e-12,2.899564188282233772e+02
1.861598072559212280e+00,2.789484989374237944e+00,2.889111017954362069e+03,-2.889111017954362069e+03,-2.424086465447451622e-13,1.515970692122693890e+02
1.633289377239183437e+00,5.786654191981492446e+00,2.545832736679464233e+03,-2.545832736679464233e+03,-1.342233916737394109e-12,3.803932717822318637e+02
1.631674929106779359e+00,1.159230534601866092e+00,2.072025798268813560e+03,-2.072025798268813560e+03,3.047552099831356003e-12,3.336380837094267804e+01
1.696377725753232868e+00,1.442935389657002299e+00,2.080467657225884977e+03,-2.080467657225884977e+03,2.006360049048154196e-12,1.734283927704471751e+02
1.898647406102787372e+00,5.620468874495752942e+00,2.391137431175790880e+03,-2.391137431175790880e+03,-4.079204651864066742e-13,3.444807348472101012e+02
1.863606523387476344e+00,2.267874607665175457e+00,2.352387942906421813e+03,-2.352387942906421813e+03,1.723989420291424087e-12,3.819585433428285342e+02
1.893304897198906156e+00,3.805226524357963935e+00,5.870887726696261780e+03,-5.870887726696261780e+03,-4.283120498392821673e+02,-1.340586940309079051e-13
1.773945281307697242e+00,1.600137014579197992e+00,2.041650235779954983e+03,-2.041650235779954983e+03,-9.003009506165698000e-13,2.680815918349803155e+02
1.975145766565064021e+00,3.422412598446719301e+00,4.875583090673424522e+03,-4.875583090673424522e+03,-3.214391796570084239e+02,-7.401401616829134825e-13
1.837186569023049332e+00,5.822776556639565726e+00,2.314308054065589658e+03,-2.314308054065589658e+03,8.532950547997548381e-14,3.889422852731230478e+02
1.832117189476678121e+00,7.439156163013025846e+00,1.710857788674078165e+03,-1.710857788674078165e+03,-4.014713621013400058e+01,3.816994712884811216e-12
1.930875885764473665e+00,5.031239243971344699e+00,3.213425471603434289e+03,-3.213425471603434289e+03,-8.380605638398343160e+01,-1.822941206770271559e-12
1.918069844250743117e+00,2.993182392317889295e+00,3.225685623828813732e+03,-3.225685623828813732e+03,-2.198627732542850310e+01,2.056491666932059981e-12
1.972360582155397335e+00,3.345697609966445718e+00,4.430989920906665247e+03,-4.430989920906665247e+03,-4.216627884900763092e+02,-7.216388114121559789e-13
1.927785316088545642e+00,4.113856020846910155e+00,6.396148950635241818e+03,-6.396148950635241818e+03,-4.197581154492047517e+02,5.733817478350270559e-12
1.870874599108655278e+00,5.700963519517518563e+00,2.377212032961971545e+03,-2.377212032961971545e+03,3.295243385093097620e-13,4.104649553620772053e+02
2.039997263178975118e+00,2.142634983297641238e+00,1.986527686516690210e+03,-1.986527686516690210e+03,-1.417745236610320166e-12,3.860599334707853245e+02
1.966240990153835355e+00,4.552614528386905945e+00,4.934409864203574216e+03,-4.934409864203574216e+03,-2.813208695038472342e+02,-1.711817570924699917e-12
2.026213938334850084e+00,3.361484818654442819e+00,4.717677310554175165e+03,-4.717677310554175165e+03,-2.204450541139447637e+02,1.452525090137032065e-12
1.877653411852966192e+00,1.064275029016998664e+00,1.762583512271830159e+03,-1.762583512271830159e+03,-1.217398536214934168e+01,-6.672528826110790039e-13
1.928137699371776925e+00,4.650252118253948908e+00,4.424833954715819345e+03,-4.424833954715819345e+03,-3.828007523340936018e+02,-4.492145437768127476e-13
1.919038696994443738e+00,4.326126846347059463e+00,5.831463985410539863e+03,-5.831463985410539863e+03,-3.529397721418493461e+02,-1.423239909623635578e-12
1.983810310044033853e+00,7.101887630670633555e-01,1.560175646517674977e+03,-1.560175646517674977e+03,-1.715954672556623848e+02,1.106991418808440151e-12
1.995628037702915192e+00,2.913560367618772240e+00,2.934108265834115628e+03,-2.934108265834115628e+03,1.563156049438633673e-12,5.396283900197705918e+01
1.975096001966996750e+00,3.800144762686475275e+00,6.899014354278800965e+03,-6.899014354278800965e+03,-1.474125802236313234e+02,6.651313059796772708e-14
1.846117831987674096e+00,1.748233074341356108e+00,2.023472600944160149e+03,-2.023472600944160149e+03,-3.447505269701223488e-13,2.969239865379055914e+02
1.853799215261519695e+00,6.075001478211492945e+00,2.108642228300253009e+03,-2.108642228300253009e+03,5.674275665332272931e-13,3.420072635521663074e+02
1.953723500985653727e+00,3.732977799008859954e+00,6.335794019502295669e+03,-6.335794019502295669e+03,-2.833946677149925790e+02,-4.440984263366203163e-13
1.990566262980667522e+00,5.698220841241805168e+00,2.152242438654416219e+03,-2.152242438654416219e+03,1.226213010260598530e-12,3.674547764125196068e+02
2.061743944533059203e+00,3.021391127052316605e+00,3.229077202605220918e+03,-3.229077202605220918e+03,-1.337427545093937624e+02,1.569420512689400211e-12
1.993354394821829745e+00,3.292832477039036032e+00,4.135564222060080283e+03,-4.135564222060080283e+03,-3.090967052116392324e+02,1.599076497520892940e-12
1.869806334195246222e+00,2.803705412635834060e-01,1.607728867888221203e+03,-1.607728867888221203e+03,-3.579818638276436218e+02,-6.881084743342076679e-13
2.007590391721895351e+00,3.168885564573161950e+00,3.750613169395720433e+03,-3.750613169395720433e+03,-2.212904134806407228e+02,6.294452440316338845e-13
1.981793640005015567e+00,4.257989397751427596e+00,6.868255855863353645e+03,-6.868255855863353645e+03,-8.292787912050610544e+01,-2.925113061397701856e-12
2.000000000000000000e+00,4.000000000000000000e+00,6.240683506629629846e+03,-6.240683506629629846e+03,-5.170975049743955196e+02,3.497256275628768998e-12
2.002013867000000058e+00,3.910270339000000206e+00,6.711899568408744017e+03,-6.711899568408744017e+03,-3.047657089493803824e+02,-2.436464461759692185e-13
2.002013867000000058e+00,4.089729660999999794e+00,6.897725354045024687e+03,-6.897725354045024687e+03,-1.252131938201369792e+02,7.321499494964560607e-12
1.978643979414179688e+00,4.455303966233511659e+00,5.619979211152229254e+03,-5.619979211152229254e+03,-2.506667179284605709e+02,7.073599698384949744e-13
2.008051411999999925e+00,3.820721381999999888e+00,7.070789878777988633e+03,-7.070789878777988633e+03,-2.437386137917181372e+01,2.402910047530223611e-12
2.008051411999999925e+00,4.179278617999999668e+00,6.516950945693013637e+03,-6.516950945693013637e+03,-2.519081654260066330e+02,-7.224694938875571075e-13
2.034499116282082465e+00,4.678940594470494929e+00,4.461292346802531029e+03,-4.461292346802531029e+03,-1.759357212203589711e+02,9.912830837644212112e-13
2.099866952535274667e+00,5.359685392876754051e+00,2.254934257682783027e+03,-2.254934257682783027e+03,-1.769466278464774235e-12,1.324297086368487157e+02
2.018100475999999865e+00,3.731533467999999854e+00,6.787955423196586707e+03,-6.787955423196586707e+03,-8.219102396254888276e+01,7.002476999265605132e-13
2.018100475999999865e+00,4.268466531999999702e+00,6.802272411153009671e+03,-6.802272411153009671e+03,-1.548961329536409153e+02,-2.392908297039374354e-12
2.028742883511856387e+00,5.547142249708445938e+00,2.199486303440887241e+03,-2.199486303440887241e+03,3.836130649921975628e-13,2.763504867877109064e+02
1.925073140934018490e+00,8.956817813142919915e-01,1.660733501966846461e+03,-1.660733501966846461e+03,-8.811042808272136995e+01,3.818129029203686083e-12
2.031767808149817611e+00,1.938436846126579960e+00,1.875968537815214404e+03,-1.875968537815214404e+03,4.085911799782095094e-13,3.416439794678921089e+02
1.998240170655940950e+00,4.816778129556122501e+00,3.767422945520996109e+03,-3.767422945520996109e+03,-2.151951229880304481e+02,4.682670054659228194e-13
2.032140823000000207e+00,3.642886209999999902e+00,5.884503761270378163e+03,-5.884503761270378163e+03,-3.835136694645816533e+02,2.446946942719152457e-13
2.032140823000000207e+00,4.357113789999999653e+00,6.195655505773824189e+03,-6.195655505773824189e+03,-2.338808500937395252e+02,1.389212552579358119e-12
2.065695416830243492e+00,3.282067717512038296e+00,4.406268760944105452e+03,-4.406268760944105452e+03,-1.412346313470782206e+02,4.588063289366353742e-13
2.045419063272363225e+00,2.835427430833213691e+00,2.692662664848272470e+03,-2.692662664848272470e+03,-9.995983805573919153e-13,7.920923709279384184e+01
2.089347478701204075e+00,2.928463298679828686e+00,2.888131517871769120e+03,-2.888131517871769120e+03,-6.447076811002210661e+01,8.015545734921308943e-13
2.077924956796395772e+00,3.358129395510547788e+00,5.153240278794703045e+03,-5.153240278794703045e+03,-6.522627609917162772e+01,1.837951573167358239e-13
2.019909209064044919e+00,4.606461663333140777e+00,4.939672096073823923e+03,-4.939672096073823923e+03,-2.588061490474067909e+02,-1.749401895865616482e-12
2.019673220449897943e+00,2.750919118025588972e+00,2.598895184746388622e+03,-2.598895184746388622e+03,-1.238230149374569821e-12,1.663610695735550848e+02
2.022534228122915945e+00,1.391013429532543255e-01,1.448319102734114949e+03,-1.448319102734114949e+03,-3.658029644860231429e+02,-4.611518417965173236e-13
2.081952003587598021e+00,3.942685986743580950e-01,1.415446150897883854e+03,-1.415446150897883854e+03,-2.892081518087394443e+02,-1.122972843000206855e-12
2.050144175999999874e+00,3.554958131999999882e+00,5.575445850793388672e+03,-5.575445850793388672e+03,-3.810758903694627975e+02,-1.476287212808670614e-12
2.050144175999999874e+00,4.445041867999999674e+00,6.203175645453529796e+03,-6.203175645453529796e+03,-9.841080016595282132e+01,-4.947291369206550584e-13
2.051282050999999829e+00,0.000000000000000000e+00,1.435797646110252344e+03,-1.435797646110252344e+03,-3.971604483021472447e+02,-3.556005326871304626e-13
2.051282050999999829e+00,8.000000000000000000e+00,1.478251182213964057e+03,-1.478251182213964057e+03,-1.429233263691253057e+02,-7.937945355796254743e-13
2.077496193480516951e+00,2.052487266292557511e+00,1.930239903808690769e+03,-1.930239903808690769e+03,-5.896667021629905287e-14,3.865202207712273434e+02
1.828862336298271218e+00,1.269791595868280609e+00,1.900151129524749194e+03,-1.900151129524749194e+03,-9.399597109078505936e-13,7.523287691276267708e+01
2.159329980400849891e+00,5.489192483744849582e+00,2.116460792267062061e+03,-2.116460792267062061e+03,4.291194534377324130e-13,1.739744569692801122e+02
2.129206065574738016e+00,5.132561218307619022e+00,2.611150509280613733e+03,-2.611150509280613733e+03,-1.333681155374735565e-12,1.014982157443171218e+01
1.913956481589265790e+00,6.299888221921879250e+00,1.929038593755214606e+03,-1.929038593755214606e+03,-1.606618413408256194e-12,3.010397742525069589e+02
2.003687301839338186e+00,7.882598811254131199e+00,1.504833709621148500e+03,-1.504833709621148500e+03,-1.193136261151051514e+02,2.381394399379212188e-12
2.174253471627778378e+00,5.621176888860308196e+00,1.831686150938365017e+03,-1.831686150938365017e+03,1.107223403525242171e-12,2.761310563568274574e+02
2.097589565347146134e+00,2.371189440594148934e+00,2.026173170243749610e+03,-2.026173170243749610e+03,-2.742302421846624658e-12,3.466915037733980967e+02
2.072074279000000185e+00,3.467926309000000096e+00,5.529946522735606777e+03,-5.529946522735606777e+03,-1.595577705679710334e+02,3.181688764051748863e-14
2.072074279000000185e+00,4.532073690999999904e+00,5.434537991941202563e+03,-5.434537991941202563e+03,-1.417871923724612202e+02,-2.565542481172820182e-12
1.818667474701654241e+00,1.514151862327254516e+00,1.961618064429040714e+03,-1.961618064429040714e+03,3.348090765751942802e-12,2.103043143125191250e+02
2.048151585954806286e+00,2.628384590076430438e+00,2.372236815512199883e+03,-2.372236815512199883e+03,-1.198056009103231854e-12,2.396158853094647725e+02
1.893804446744710823e+00,1.428561485018736699e+00,1.841493453981491257e+03,-1.841493453981491257e+03,1.549517074760516443e-12,1.585633213613917292e+02
2.097886966999999991e+00,3.381966010999999828e+00,5.393076465935926535e+03,-5.393076465935926535e+03,1.134374738663274890e-12,5.451368554095347463e+01
2.097886966999999991e+00,4.618033988999999728e+00,5.022838937911063113e+03,-5.022838937911063113e+03,-1.280244944219217587e+02,1.317613035813207492e-12
2.084516190819361903e+00,7.364100250781505430e+00,1.452122419935445805e+03,-1.452122419935445805e+03,-5.786711182307849555e+01,1.488619947573863858e-12
2.158034792115498313e+00,2.075540087656781107e+00,1.751221605781673816e+03,-1.751221605781673816e+03,7.562245384139799265e-13,3.581349307028626185e+02
1.903969226055896469e+00,6.549167256358476408e+00,1.846655260528081726e+03,-1.846655260528081726e+03,1.083559474468457499e-13,2.100639460325620291e+02
2.121664746632383469e+00,2.750362830015456339e+00,2.424571847910167435e+03,-2.424571847910167435e+03,-5.791776416231961784e-13,1.273549358964014857e+02
1.905326484773258500e+00,1.583219737915728453e+00,1.908427614629647906e+03,-1.908427614629647906e+03,-1.530705700616092884e-13,2.321157141554101599e+02
1.957667980426300414e+00,7.026017813287928071e+00,1.645637602587371930e+03,-1.645637602587371930e+03,1.156731130969103425e-12,4.912561526237756482e+01
2.127530258999999813e+00,3.297250351999999829e+00,4.758169078423949941e+03,-4.758169078423949941e+03,-1.675584062628193343e-12,1.920303709086454091e+01
2.127530258999999813e+00,4.702749648000000171e+00,4.520363030604100459e+03,-4.520363030604100459e+03,-1.125527179974940282e+02,3.388904682953336442e-12
1.952401632133130338e+00,6.762602292956612082e+00,1.720288570536809175e+03,-1.720288570536809175e+03,-1.858384968752314171e-14,1.360111599812279621e+02
2.111550617298888266e+00,9.709521542400331162e-01,1.481923330392544813e+03,-1.481923330392544813e+03,-5.285849217960569035e+01,-5.592102401378525515e-13
2.164672255241880894e+00,2.671129758444831914e+00,2.115457304391750768e+03,-2.115457304391750768e+03,-1.132793087548011037e-12,1.661371095736698749e+02
2.219794976280162313e+00,2.569231382556654619e+00,1.873468730485732067e+03,-1.873468730485732067e+03,-2.126683236643321424e-12,2.018434251414828680e+02
2.112438278973630457e+00,6.136177393695045446e+00,1.731915909602256079e+03,-1.731915909602256079e+03,5.957416442101430292e-13,3.393838581910789003e+02
2.128474731877585846e+00,5.876310564473310016e+00,1.798000408891806956e+03,-1.798000408891806956e+03,1.097578406753026123e-12,3.452353871056617436e+02
2.160944455000000097e+00,3.213949937000000201e+00,4.123158987646662354e+03,-4.123158987646662354e+03,-7.361931792549455622e+01,4.156912896495505510e-13
2.160944455000000097e+00,4.786050063000000243e+00,4.045866998364930623e+03,-4.045866998364930623e+03,-1.104834563427478997e+02,1.762082001610384180e-12
2.119491400341160237e+00,4.972119722432789324e+00,3.157004130372301006e+03,-3.157004130372301006e+03,-8.140386498792952352e+01,-5.702178237899824126e-13
2.160287127333122559e+00,2.992169733025199729e+00,2.936158627907964728e+03,-2.936158627907964728e+03,-7.935345317163216805e+01,3.966353459610636751e-13
2.267661878776377371e+00,2.736369154250541058e+00,1.929108381309603828e+03,-1.929108381309603828e+03,-1.184890594797944488e-12,2.492717853942554029e+01
2.024659371559342613e+00,1.698824794786204295e+00,1.800658667478313419e+03,-1.800658667478313419e+03,-1.231350788218106922e-12,2.680712762832297926e+02
2.220406909672242968e+00,5.036047725289975574e+00,2.692492614652958764e+03,-2.692492614652958764e+03,-3.348753846036566983e+01,4.537490215993977492e-13
2.211100481703260456e+00,2.967465848075506063e+00,2.823929768097508713e+03,-2.823929768097508713e+03,-5.447608808348263665e+01,-6.118965551763729591e-13
2.198062263999999821e+00,3.132232521999999797e+00,3.447584707355663795e+03,-3.447584707355663795e+03,-9.602332768678911634e+01,1.676411648983977715e-12
2.198062263999999821e+00,4.867767478000000203e+00,3.480320052488031251e+03,-3.480320052488031251e+03,-1.098746413271902611e+02,1.171735884490495861e-12
2.243602000956454567e+00,1.666834191491960715e-01,1.233358043060124601e+03,-1.233358043060124601e+03,-3.033233582619606636e+02,-9.078129927748017758e-13
2.182343664774145431e+00,2.879817557199149114e+00,2.501382839174880246e+03,-2.501382839174880246e+03,-3.429282719094925369e+01,-1.061836650542602948e-12
2.161827629030792064e+00,2.201322998084715543e+00,1.805434589428834670e+03,-1.805434589428834670e+03,-2.080376194050665300e-12,3.725562965052129698e+02
2.142578435910711843e+00,6.621731103747273472e+00,1.532366775311629226e+03,-1.532366775311629226e+03,2.167144516251266676e-12,1.930913052925209286e+02
2.218315720276279102e+00,3.023666742655090722e+00,3.113923194582059750e+03,-3.113923194582059750e+03,-2.682070015246688399e+01,-7.828810841203464225e-13
2.067289058045793659e+00,1.506778716048228217e+00,1.651151479499931611e+03,-1.651151479499931611e+03,4.726614541601161386e-14,1.993440852890467454e+02
2.253989788247255266e+00,2.260211280162410130e+00,1.582883468352153614e+03,-1.582883468352153614e+03,-4.062087638179556702e-12,3.544761200647010924e+02
2.332153201984218605e+00,5.428421991612503383e+00,1.590889248979518243e+03,-1.590889248979518243e+03,7.703256087235310482e-13,1.093784822452517176e+02
2.394741274227549344e+00,2.995323296899233267e-01,1.104190544955044288e+03,-1.104190544955044288e+03,-2.554230657391893544e+02,9.621491538214100530e-13
2.255958135504605000e+00,2.155941617822528578e+00,1.564444883815866888e+03,-1.564444883815866888e+03,-1.000192055120527260e-12,3.665841065195166948e+02
2.238808935999999861e+00,3.052262675000000147e+00,3.192305354203421302e+03,-3.192305354203421302e+03,-2.666597000789720248e-12,7.244412781803362122e+00
2.238808935999999861e+00,4.947737325000000297e+00,3.065505402752924056e+03,-3.065505402752924056e+03,-1.480533711620425379e+02,-1.795598846002887469e-12
2.248611493911261139e+00,6.027555045056584682e+00,1.567263081719934235e+03,-1.567263081719934235e+03,-1.415046614920500692e-12,3.398317051113313596e+02
2.248999272343970901e+00,7.704496212529877042e+00,1.223709165144080089e+03,-1.223709165144080089e+03,-1.536055435996491951e+02,2.334959994447875657e-12
2.038907947947833144e+00,1.251723124594916525e+00,1.621265552745188643e+03,-1.621265552745188643e+03,-3.555390041924721455e-12,6.756874422849092809e+01
2.256410256000000114e+00,0.000000000000000000e+00,1.294545235621302481e+03,-1.294545235621302481e+03,-3.323204088264942584e+02,-4.322728042765315779e-13
2.256410256000000114e+00,8.000000000000000000e+00,1.227775693953670270e+03,-1.227775693953670270e+03,-1.715649338985003567e+02,1.156862260069754340e-12
2.278700227921548027e+00,2.854026994695373354e+00,2.155447756759353979e+03,-2.155447756759353979e+03,-1.955852587317199820e-12,1.138618552371667647e+00
2.283102412999999942e+00,2.974201444999999833e+00,2.619336097166463333e+03,-2.619336097166463333e+03,-4.270195776460298021e+01,-2.058046869519813648e-12
2.283102412999999942e+00,5.025798554999999723e+00,2.479444433918329196e+03,-2.479444433918329196e+03,-8.309173567224371482e+01,1.065095350649950418e-12
2.277422668612299805e+00,6.657132603073836474e-01,1.240868525045418437e+03,-1.240868525045418437e+03,-1.645721842079783812e+02,1.376145241349056400e-12
2.322451111303095672e+00,2.871763335872759448e+00,2.124636646918608676e+03,-2.124636646918608676e+03,-2.437113072792175217e+01,-9.404322951360507226e-14
2.267328413506341622e+00,1.715380954615007614e+00,1.439057251897299011e+03,-1.439057251897299011e+03,1.074744193188177676e-12,2.611655577114652260e+02
2.242905297112368856e+00,1.963564224056025376e+00,1.528440528876960343e+03,-1.528440528876960343e+03,1.789315802210888273e-12,3.588947986302132449e+02
2.330853493000000221e+00,2.898206037000000013e+00,2.183578526476188927e+03,-2.183578526476188927e+03,-3.053800898079481183e-12,1.559925198800101498e+01
2.330853493000000221e+00,5.101793963000000431e+00,2.212159290896799575e+03,-2.212159290896799575e+03,1.386616041949751601e-12,7.165458890729314589e+01
2.290695702963118752e+00,2.072454994702496833e+00,1.454266501543606864e+03,-1.454266501543606864e+03,1.462942338111037027e-12,3.703211481280666248e+02
2.192623341297484263e+00,6.801817565867200877e+00,1.438161039564025941e+03,-1.438161039564025941e+03,5.194491059753364543e-14,1.026914643461774972e+02
2.402319029651012627e+00,5.942373895842393949e+00,1.223244848928875172e+03,-1.223244848928875172e+03,-1.052609004502595019e-12,3.261270303272291358e+02
2.218641528329455603e+00,1.158145607203748817e+00,1.396343781204759352e+03,-1.396343781204759352e+03,-3.051864971223903467e-12,8.282296458474004197e+00
2.352538139721410460e+00,2.055046380037886866e+00,1.308094803369971942e+03,-1.308094803369971942e+03,-9.853481491622282841e-14,3.523032046518391667e+02
2.176522568435244942e+00,6.383340184220871016e+00,1.545091685335655484e+03,-1.545091685335655484e+03,3.848351975206697596e-12,2.638833465402433944e+02
2.267242026468586857e+00,1.360142211214662611e+00,1.350717492822849636e+03,-1.350717492822849636e+03,-1.375165349269442835e-12,9.816034411948180605e+01
2.402447785276499825e+00,5.687499382000256176e+00,1.223673262959201111e+03,-1.223673262959201111e+03,6.257408846408229747e-13,2.546957739773797016e+02
2.337484725672461572e+00,2.807930989865718985e+00,1.797988011806576424e+03,-1.797988011806576424e+03,-2.345178831623945825e+01,-1.280285962777159811e-13
2.339701226514268040e+00,2.402673543831925773e+00,1.386490512218693766e+03,-1.386490512218693766e+03,-2.610443997924648897e-12,2.630277868734000322e+02
2.381966010999999828e+00,2.824429494999999957e+00,1.723496758225762278e+03,-1.723496758225762278e+03,-4.294999419708176447e+01,-8.003416507137439481e-14
2.381966010999999828e+00,5.175570504999999599e+00,2.023642550820288079e+03,-2.023642550820288079e+03,-7.822266778803288110e-13,3.524043098589584133e+01
2.412011380208689104e+00,2.168978146935963025e+00,1.197528213151264936e+03,-1.197528213151264936e+03,-7.385797371772959809e-13,3.236713606233268479e+02
2.287031283658409464e+00,6.671283046483059032e+00,1.331728110262696646e+03,-1.331728110262696646e+03,-1.141057620554286929e-12,1.382542116397148106e+02
2.318765713487921154e+00,2.013981113486091434e+00,1.394692726999924616e+03,-1.394692726999924616e+03,1.955627415790368915e-12,3.676229090655591563e+02
2.386288569194902287e+00,1.963624430310054292e+00,1.261415042025779258e+03,-1.261415042025779258e+03,7.885936299577140166e-13,3.267843682817568265e+02
2.348285746609468205e+00,6.155876873404440452e+00,1.333754490498814448e+03,-1.333754490498814448e+03,2.957938113911115030e-13,3.151119052883614131e+02
2.346369827764424709e+00,6.651229449167719743e+00,1.251789315126461815e+03,-1.251789315126461815e+03,-1.926432697933502745e-12,1.127229225850806955e+02
2.436337035000000206e+00,2.753020396000000147e+00,1.367378299120461179e+03,-1.367378299120461179e+03,-2.183987653797265693e+01,-1.834669242907104637e-13
2.436337035000000206e+00,5.246979603999999853e+00,1.589855962226084330e+03,-1.589855962226084330e+03,2.109024192113408751e-13,2.733253813036623114e+01
2.411156610923626431e+00,5.291720837773172370e+00,1.663774517528147953e+03,-1.663774517528147953e+03,-1.375333594949239568e+01,9.349258309566054914e-13
2.400278407421242655e+00,7.012183593329004871e+00,1.144548559206420123e+03,-1.144548559206420123e+03,-7.512423768488595499e+00,-9.918043630109386891e-13
2.461538462000000038e+00,0.000000000000000000e+00,1.113774087698625408e+03,-1.113774087698625408e+03,-3.011343348262261657e+02,-3.522875170761544284e-13
2.461538462000000038e+00,8.000000000000000000e+00,9.939511491395171561e+02,-9.939511491395171561e+02,-2.207801578303765098e+02,-5.140181380561653863e-12
2.398751001822155615e+00,2.605216787372663045e+00,1.252572204898945074e+03,-1.252572204898945074e+03,-1.183990230483272456e-12,6.102442244210720901e+01
2.470878552261845940e+00,2.665069327208429151e+00,9.939935448520990349e+02,-9.939935448520990349e+02,-1.577637621272313595e+01,-1.302593971938520622e-12
2.520143258066255942e+00,7.393149983434547323e+00,9.686545806701716401e+02,-9.686545806701716401e+02,-1.473404192331279887e+02,1.290824454612158653e-12
2.470646590197916215e+00,6.358172013464091776e+00,1.100506746579507762e+03,-1.100506746579507762e+03,-5.111371549205525884e-13,2.421645539679121839e+02
2.338248079751839459e+00,6.564263071201083655e+00,1.277243661762980764e+03,-1.277243661762980764e+03,-1.310384552590955777e-12,1.765725126473581099e+02
2.493857068000000066e+00,2.684122547999999941e+00,9.571793765446282123e+02,-9.571793765446282123e+02,-9.374479662863308249e+00,-2.757205019468529019e-12
2.493857068000000066e+00,5.315877451999999614e+00,1.180790465370811944e+03,-1.180790465370811944e+03,6.590222283453011857e-13,2.182918074303964318e+01
2.501347803839197415e+00,2.491985644653828214e+00,8.128638788881767141e+02,-8.128638788881767141e+02,-9.412931215261769720e-13,1.132192496474327470e+02
2.411668192095623553e+00,6.719388755288229653e+00,1.170780245341798036e+03,-1.170780245341798036e+03,-1.704354393245425092e-12,1.050619216861585414e+02
2.452365794634268958e+00,7.883360561207661377e+00,1.005842947640876218e+03,-1.005842947640876218e+03,-2.168764513327039936e+02,-8.047128487760395082e-13
2.491790148168002705e+00,2.351054038036315852e+00,9.307376023866019068e+02,-9.307376023866019068e+02,-1.828725556935000497e-13,2.449962517863479263e+02
2.604646988455018519e+00,2.420340300195643390e+00,4.669120801571854145e+02,-4.669120801571854145e+02,6.183071479707921549e-13,1.345336231565112541e+02
2.527893441313600498e+00,6.547358211992673205e+00,1.025431005633665109e+03,-1.025431005633665109e+03,-1.624598919879113397e-12,1.622149321824688570e+02
2.627951881023058878e+00,7.712637367132828103e+00,8.234146489874476629e+02,-8.234146489874476629e+02,-2.382064329406541390e+02,2.064814760413679128e-12
2.554410272000000148e+00,2.617874701999999942e+00,7.396303295132518087e+02,-7.396303295132518087e+02,-1.671722438265799270e-12,4.193290153424808864e+01
2.554410272000000148e+00,5.382125298000000058e+00,9.154268990235477759e+02,-9.154268990235477759e+02,-2.883062378659786873e+00,-2.769549493620896875e-13
2.531898851840806763e+00,5.486399797564609493e+00,8.079050791579734323e+02,-8.079050791579734323e+02,5.133966387918988911e-13,7.649651767044298367e+01
2.637500614764964890e+00,5.639162644809798230e+00,4.605976608856967687e+02,-4.605976608856967687e+02,1.467502515651941022e-12,1.943550549701546970e+02
2.559254038855459878e+00,1.810224103606866697e+00,9.229807922677318857e+02,-9.229807922677318857e+02,-3.587733502597965188e-14,2.713570647277655326e+02
2.675124372560157671e+00,6.088865427789603046e+00,7.007215091784378274e+02,-7.007215091784378274e+02,-1.850924511356609134e-12,3.183409856889202274e+02
2.547082875472991947e+00,2.015903354886606991e+00,8.958362250912841773e+02,-8.958362250912841773e+02,-1.526687419450336934e-13,3.149657672949784910e+02
2.552868724638390763e+00,1.478061543616257856e+00,9.588566866628659682e+02,-9.588566866628659682e+02,-1.308959085325996671e-12,1.388215855327853774e+02
2.617874701999999942e+00,2.554410272000000148e+00,4.198730746521616197e+02,-4.198730746521616197e+02,1.752381770593809680e-13,5.996644224802871292e+01
2.617874701999999942e+00,5.445589727999999852e+00,5.295067984498302849e+02,-5.295067984498302849e+02,-2.050742029439362568e+00,1.760414773970119847e-12
2.453530896122245508e+00,1.047710246271488010e+00,1.071326772459768563e+03,-1.071326772459768563e+03,-3.607795434918200783e+01,-1.687475518127649818e-12
2.597525539195640665e+00,2.139961674222742971e+00,7.252876482651001879e+02,-7.252876482651001879e+02,1.827598369059840204e-12,3.222774306185495448e+02
2.770650043235297399e+00,1.240175812608178108e+00,6.979551661163222889e+02,-6.979551661163222889e+02,-2.139633415852338247e-12,3.078346333261533374e+01
2.792459593710364452e+00,1.484497652562490000e+00,6.192013620392827988e+02,-6.192013620392827988e+02,-1.380909475612649543e-12,1.358772752660613605e+02
2.607545954023188006e+00,5.818840726022888710e+00,7.273076922768705117e+02,-7.273076922768705117e+02,-1.847051554267721570e-13,3.075140477127013128e+02
2.666666666999999880e+00,0.000000000000000000e+00,8.127200934982215585e+02,-8.127200934982215585e+02,-1.693245740918401054e+02,2.418365800096035470e-13
2.666666666999999880e+00,8.000000000000000000e+00,7.924338599787704425e+02,-7.924338599787704425e+02,-2.796342216193023660e+02,5.504280298248479606e-13
2.667080031807163021e+00,2.059822598949610839e+00,6.041373958021678163e+02,-6.041373958021678163e+02,1.171160049798126388e-12,3.195373824139651902e+02
2.658012808287206319e+00,1.951060559315783705e+00,6.988759972245507015e+02,-6.988759972245507015e+02,1.599917609503618755e-12,3.030715083173610651e+02
2.756455611498015656e+00,1.684542945851074558e+00,6.379298489660468476e+02,-6.379298489660468476e+02,5.187229859254215597e-13,2.152381887386894732e+02
2.684122547999999941e+00,2.493857068000000066e+00,1.631683795680124831e+02,-1.631683795680124831e+02,1.633164440777548704e-12,1.277560045277138556e+02
2.684122547999999941e+00,5.506142932000000378e+00,3.584042767891178300e+02,-3.584042767891178300e+02,1.587735877259958912e-12,8.230251790320355099e+01
2.533982158629292325e+00,6.824628092344122265e+00,1.003254188638284631e+03,-1.003254188638284631e+03,-8.003747370182194564e-13,5.580579333204082104e+01
2.599918410611658626e+00,2.270696745576492148e+00,6.090604631310976629e+02,-6.090604631310976629e+02,-1.212590672768277180e-12,2.671029028853713498e+02
2.732127205612334020e+00,2.359679017088285313e+00,2.501240790634174971e+02,-1.346230762490277186e+02,1.363473502314415454e-12,2.501240790634174971e+02
2.635934033453305680e+00,5.694088492894128217e-01,8.753681323496284676e+02,-8.753681323496284676e+02,-1.580244368553944128e+02,3.126926600153090151e-12
2.771427026090375278e+00,2.007576138076637040e+00,4.390184827171166262e+02,-4.390184827171166262e+02,1.184985733821190507e-12,3.263415445883807138e+02
2.708999620728732349e+00,5.737539667215215466e+00,3.511643031456695212e+02,-3.511643031456695212e+02,7.384870367920655941e-13,2.945225074123794684e+02
2.660092498236015679e+00,6.883010423543860945e+00,8.319562323230320544e+02,-8.319562323230320544e+02,-3.739320920688348111e-12,8.442273645893848766e+00
2.743757022521593480e+00,1.860157834451139580e+00,5.775459666827630372e+02,-5.775459666827630372e+02,2.490912228676144131e-12,2.910975679746641163e+02
2.661865852997535864e+00,6.685764836808201217e+00,8.187383139099692926e+02,-8.187383139099692926e+02,-5.188003349915701109e-13,9.980435223238026765e+01
2.753020396000000147e+00,2.436337035000000206e+00,3.111441437519638384e+02,-7.680885798622695404e+01,2.765259893909991202e-12,3.111441437519638384e+02
2.753020396000000147e+00,5.563662964999999794e+00,2.061626917193208044e+02,-1.353025720072277522e+02,1.151370255339971793e-12,2.061626917193208044e+02
2.773268051519727440e+00,5.674251456831587603e+00,2.873976702143236253e+02,-1.262471136369103988e+02,2.760561374901790567e-12,2.873976702143236253e+02
2.870038640279895414e+00,3.629025844688535396e-01,6.681109338971042462e+02,-6.681109338971042462e+02,-1.260026057554315173e+02,1.436535048907458217e-12
2.789868902521737581e+00,9.348744541904704386e-01,6.946175352890725208e+02,-6.946175352890725208e+02,-7.571363786725419232e+01,-5.284804049365186917e-13
2.760073035930113772e+00,2.183361572280143381e+00,3.286975156306779127e+02,-3.037408231617409911e+02,2.511575751303286929e-12,3.286975156306779127e+02
2.824429494999999957e+00,2.381966010999999828e+00,4.688592926890546551e+02,-4.041355803536180957e+01,1.179588825090997091e-12,4.688592926890546551e+02
2.824429494999999957e+00,5.618033988999999728e+00,4.321850935134286829e+02,-7.066591546576687222e+01,1.694911851135539199e-12,4.321850935134286829e+02
2.816906985182407563e+00,5.818123557764732112e+00,3.589683861659872264e+02,-2.160469073527837338e+02,-1.574071505389437659e-13,3.589683861659872264e+02
2.821558546333561068e+00,1.801345778176462797e+00,4.965327279802388603e+02,-4.965327279802388603e+02,8.005841093221563228e-13,2.670362613028175360e+02
2.894497481278722528e+00,1.903886563983300251e+00,3.207149728195614102e+02,-3.052860163747870956e+02,-1.305445974791898397e-12,3.207149728195614102e+02
2.842418243441336312e+00,6.223862537566541064e+00,5.161275013792009076e+02,-5.161275013792009076e+02,-1.492779266768548426e-12,2.926991199365995726e+02
2.754127780883805610e+00,6.411227596963508191e+00,6.948431400525702202e+02,-6.948431400525702202e+02,-8.399685377404809207e-13,2.175150029887311121e+02
2.896408407175946387e+00,1.096233613361965897e+00,5.854775843929169241e+02,-5.854775843929169241e+02,-2.611490216993573199e+01,-1.499636640249917656e-12
2.904081348058572321e+00,2.085521408541301636e+00,4.057339569665244312e+02,-1.401235534905807754e+02,7.884330412552031221e-13,4.057339569665244312e+02
2.871794872000000165e+00,0.000000000000000000e+00,5.916475044733178947e+02,-5.916475044733178947e+02,-9.108263811772567919e+01,-1.501490470567749757e-12
2.871794872000000165e+00,8.000000000000000000e+00,5.526593251683705148e+02,-5.526593251683705148e+02,-2.929935616901430535e+02,2.347456635728694352e-12
2.890928068135777185e+00,1.755067440884030106e+00,3.934462704984125025e+02,-3.934462704984125025e+02,-6.202123715398569461e-13,2.499923578455415338e+02
2.944473941581212895e+00,6.101223059412745897e+00,3.540750984684107721e+02,-2.616817206615075975e+02,-2.618889090620118646e-12,3.540750984684107721e+02
2.919906992051071626e+00,7.478749525844155421e+00,5.814788339395649928e+02,-5.814788339395649928e+02,-2.287608864226170624e+02,9.166160569881316018e-13
2.909098734708456924e+00,2.211596790388505873e+00,5.030877529374729420e+02,-2.949806747669099138e+01,-9.904506251444838180e-13,5.030877529374729420e+02
2.898206037000000013e+00,2.330853493000000221e+00,4.717989251316234913e+02,-4.864322622473807201e+01,1.454745028093292178e-12,4.717989251316234913e+02
2.898206037000000013e+00,5.669146506999999779e+00,4.719104867335931885e+02,-4.387508118570219295e+01,3.706028737675976001e-12,4.719104867335931885e+02
2.948640010758506236e+00,1.417690472036496230e+00,4.646607258089724155e+02,-4.646607258089724155e+02,-3.319887909643312478e-13,1.174442597267826898e+02
2.837750846758032353e+00,7.088603164519959421e+00,6.673953700001585503e+02,-6.673953700001585503e+02,-8.239847347958287571e+01,1.623666495159885009e-13
2.885803865025290182e+00,5.971981891312446500e+00,3.957893919806517715e+02,-2.570445313392009439e+02,9.834265627860193212e-13,3.957893919806517715e+02
2.959588953856861604e+00,1.217483831793848781e+00,4.956845819746343409e+02,-4.956845819746343409e+02,5.922173638090739716e-13,1.557216496610916323e+01
2.864607523879554751e+00,6.806282426112498563e+00,6.261953658476541023e+02,-6.261953658476541023e+02,-1.920505488864350090e-12,4.380976822879921428e+01
2.932854368991853811e+00,1.598933133244719418e+00,4.277126770741635937e+02,-4.277126770741635937e+02,-1.749467770778028092e-12,1.952265895205278525e+02
2.877509353188854924e+00,6.611713355457131236e+00,5.639986891270610840e+02,-5.639986891270610840e+02,2.128056271122502013e-13,1.198485978935798641e+02
3.008703780796984972e+00,2.174734209650385441e+00,6.721556673159250295e+02,-1.677502064327218534e+01,-1.448823070353268721e-12,6.721556673159250295e+02
2.993451288061698801e+00,1.520232595736398240e+00,4.240879323351875314e+02,-4.240879323351875314e+02,-3.929955941139318859e-12,1.878188291732045627e+02
2.994686718461586850e+00,6.295325518619759642e+00,3.026558980041793347e+02,-3.026558980041793347e+02,-3.144742334460350683e-12,2.717538407468423998e+02
2.974201444999999833e+00,2.283102412999999942e+00,6.892309406546646642e+02,-2.892818984910471869e+01,-3.019445610669233538e-12,6.892309406546646642e+02
2.974201444999999833e+00,5.716897587000000058e+00,5.829376806461009437e+02,-1.843080929615084784e+01,-2.454570379799131798e-12,5.829376806461009437e+02
2.984026225579320624e+00,9.795041772890424880e-01,5.142761106879579529e+02,-5.142761106879579529e+02,-4.904480018872330049e+01,6.358288249722788029e-13
2.959044374192548954e+00,7.817079150418853040e+00,5.329670932193101862e+02,-5.329670932193101862e+02,-3.027341676261175962e+02,2.742545541204473151e-13
2.977855462745303328e+00,1.105401794499614176e+00,5.002680629797910115e+02,-5.002680629797910115e+02,-1.511531191433822130e+01,1.077687762958419160e-12
2.979690996118244062e+00,6.481813418662684789e+00,4.149539617481302116e+02,-4.149539617481302116e+02,-1.660752578806158739e-12,1.844064473567574396e+02
3.003512100450918432e+00,1.594574927210133108e-01,5.793489194553842481e+02,-5.793489194553842481e+02,-1.027652345652236363e+02,3.458737273321390028e-13
3.046121053990384464e+00,4.116711194846590094e-01,5.321762989347407711e+02,-5.321762989347407711e+02,-1.216669147254945500e+02,1.490322181817015651e-12
3.080226900996557937e+00,2.030857237033637297e+00,5.566153643175790648e+02,-2.443738297576778962e+01,-2.035374381363648421e-12,5.566153643175790648e+02
2.980694584338126951e+00,5.984371220613086351e+00,4.529806875977143363e+02,-1.359654548882617178e+02,-1.797257391165422546e-12,4.529806875977143363e+02
3.010765404983057891e+00,5.868075484966171373e+00,5.744278352624739910e+02,-3.909113465704487567e+01,-1.897528372443976530e-12,5.744278352624739910e+02
3.145221174799157193e+00,6.417140451346039498e+00,2.379937651343539073e+02,-2.226424622443925898e+02,-1.623314528632107472e-13,2.379937651343539073e+02
2.997901294438976905e+00,6.724813025976360548e-01,5.449315017685644307e+02,-5.449315017685644307e+02,-1.272298524571971257e+02,2.567644819901350501e-12
3.071719964583415230e+00,1.125222748077171708e+00,4.166744731600772411e+02,-4.166744731600772411e+02,-1.261121330077344282e+00,2.043612019935526893e-12
3.052262675000000147e+00,2.238808935999999861e+00,8.782308244037940312e+02,-2.453243884204270842e+01,2.032361237053536881e-12,8.782308244037940312e+02
3.052262675000000147e+00,5.761191064000000139e+00,8.221325073339730807e+02,-4.185127258143675988e+01,6.308298197007629766e-13,8.221325073339730807e+02
3.170819008616498014e+00,9.384301173746476543e-01,3.801889564173594636e+02,-3.801889564173594636e+02,-5.466195999918147663e+01,1.406121835424364454e-12
3.023028874784379649e+00,6.895824193576832961e+00,4.575155280875268318e+02,-4.575155280875268318e+02,-2.811062293516472721e+01,-8.852458530363665862e-13
3.076923077000000006e+00,0.000000000000000000e+00,5.916475044733178947e+02,-5.916475044733178947e+02,-9.108263811772566498e+01,-1.501490470567749757e-12
3.076923077000000006e+00,8.000000000000000000e+00,4.153069738225946139e+02,-4.153069738225946139e+02,-3.392459985014185690e+02,-4.342648505138833607e-11
3.113887729923979553e+00,7.025037824021313604e+00,4.133598085017428048e+02,-4.133598085017428048e+02,-6.296502653368160196e+01,-1.001244268339650888e-12
3.081097161164366938e+00,5.996809412640540238e+00,5.276965665536154120e+02,-4.600855312051927370e+01,-4.427653152839157120e-12,5.276965665536154120e+02
3.172467005467115797e+00,6.886157694822303554e+00,3.494043289920913367e+02,-3.494043289920913367e+02,-1.339150649120996661e+01,9.631066983654354083e-13
3.099013331787579428e+00,1.542088235954023556e+00,2.641384846806333258e+02,-2.641384846806333258e+02,-1.967708389965073937e-12,1.785628812188639358e+02
3.048850255054710523e+00,1.784281899716082753e+00,2.994757061279876780e+02,-1.876088051277925217e+02,-1.384986315988159281e-12,2.994757061279876780e+02
3.149949844367693874e+00,6.148927298263552110e+00,4.302109165598511709e+02,-6.806948439980473609e+01,-3.063920684567836304e-12,4.302109165598511709e+02
3.174277565901717058e+00,7.884527687181707378e+00,3.687657964158714776e+02,-3.687657964158714776e+02,-3.120673258995713581e+02,-4.254248182250438128e-12
3.148299581848436723e+00,5.210716996636486353e-01,4.805460113698039208e+02,-4.805460113698039208e+02,-1.157489725523007991e+02,-1.128510554831973447e-12
3.092574904262071822e+00,1.315550396650272402e+00,3.400344736829404155e+02,-3.400344736829404155e+02,-5.405449818270972004e-13,6.399098715107314206e+01
3.145410094557049341e+00,6.285522458383742794e+00,3.191673544853161957e+02,-1.281549472569294323e+02,-1.460492294241023662e-12,3.191673544853161957e+02
3.132232521999999797e+00,2.198062263999999821e+00,8.455258702558627419e+02,-1.187750823556061164e+01,1.756142014099997503e-12,8.455258702558627419e+02
3.132232521999999797e+00,5.801937736000000179e+00,8.799377594640329789e+02,-1.246749423132301615e+01,1.255944129029182583e-12,8.799377594640329789e+02
3.237809809279913242e+00,5.985258012508263725e+00,7.484481461375593199e+02,-3.617789864549541914e-12,8.930438007696228198e+00,7.484481461375593199e+02
3.218493467625413551e+00,1.731902400127300012e+00,3.304582508860478356e+02,-5.560857299040005586e+01,-1.941929800041205824e-12,3.304582508860478356e+02
3.177749889570416375e+00,7.961479877579620279e+00,3.641421286994494722e+02,-3.641421286994494722e+02,-3.190962393171284361e+02,-5.998835676248576871e-11
3.162224827035341690e+00,5.893878865453899607e+00,8.253729680147509953e+02,-2.938922617935290305e+00,-2.666569808658478228e-12,8.253729680147509953e+02
3.244365582701857154e+00,6.987482507912413432e+00,3.357360096615632301e+02,-3.357360096615632301e+02,-3.788265657353612426e+01,1.442045975863357040e-12
3.231081198766151630e+00,1.396015244178923087e+00,2.000948391734911240e+02,-2.000948391734911240e+02,2.831112187543152222e-13,1.083294713351291989e+02
3.207048125102874625e+00,7.077312372666561657e+00,3.899388648554834162e+02,-3.899388648554834162e+02,-8.077563738916609282e+01,-9.308551354503429270e-13
3.191821513781789577e+00,2.115392914745658715e+00,9.123336369071266745e+02,-8.161320377766870138e+00,1.346942605630916708e-12,9.123336369071266745e+02
3.235461451802258637e+00,2.059279689044446915e+00,8.265283743875415894e+02,7.367161075260429362e-14,1.390460081946693549e+01,8.265283743875415894e+02
3.211143873081356848e+00,3.406066362604719955e-01,4.374439515101150278e+02,-4.374439515101150278e+02,-1.003993708244383214e+02,-3.432756502428330865e-13
3.198367232641886382e+00,7.218468109771848162e+00,3.983107886768174239e+02,-3.983107886768174239e+02,-1.495843276079790769e+02,-2.359713919056347925e-12
3.226108571558331750e+00,1.924224664965930698e+00,5.587601313489988115e+02,-1.162963114960073819e-12,6.938036818244945891e-01,5.587601313489988115e+02
3.271639223293692389e+00,7.080782344867057709e+00,3.350704151999789246e+02,-3.350704151999789246e+02,-1.110877864998767564e+02,-1.786135798845947639e-12
3.213949937000000201e+00,2.160944455000000097e+00,1.002843445081149412e+03,-1.600928169163842085e+01,2.061211061905030217e-12,1.002843445081149412e+03
3.213949937000000201e+00,5.839055544999999903e+00,1.051475546680793286e+03,-2.070374275222637550e+01,-2.854979605585584130e-12,1.051475546680793286e+03
3.246408577998640688e+00,1.190226066766945090e+00,2.597859997546207182e+02,-2.597859997546207182e+02,1.268557170750471668e-12,3.092446140480667793e+01
3.125770499467420915e+00,6.675910745071574226e+00,3.246960113996244672e+02,-3.246960113996244672e+02,3.429829648736277987e-13,8.670143536619001168e+01
3.327166237740037058e+00,1.566998647418204493e+00,2.151844641682085353e+02,-5.760000039129731420e+01,-1.715254399337743674e-12,2.151844641682085353e+02
3.338475304634247909e+00,6.576820875504121311e-01,3.358080620947640682e+02,-3.358080620947640682e+02,-9.245735987357238628e+01,-6.439247289783747828e-13
3.282051281999999848e+00,0.000000000000000000e+00,4.428981759236831977e+02,-4.428981759236831977e+02,-7.313906936064645947e+01,9.654624305531853519e-13
3.282051281999999848e+00,8.000000000000000000e+00,3.681702017182183226e+02,-3.681702017182183226e+02,-2.724414649973526252e+02,-4.244535889501631978e-11
3.297250351999999829e+00,2.127530258999999813e+00,1.013567941647760449e+03,-9.938950017012516014e+00,-4.536467395603349221e-13,1.013567941647760449e+03
3.297250351999999829e+00,5.872469740999999743e+00,9.874473257671293140e+02,-3.817660723123328862e-12,5.275352891406498657e+00,9.874473257671293140e+02
3.346223384812113011e+00,7.009889938150243083e+00,2.722186258910497827e+02,-2.722186258910497827e+02,-6.097424055759250905e+01,-1.278419709745837885e-12
3.291317164971295561e+00,6.282096320287514857e+00,3.725894443443089585e+02,-3.515838181156276931e+01,1.112811773700602247e-12,3.725894443443089585e+02
3.391544832931932429e+00,1.361559109919568966e+00,9.918632145305546999e+01,-8.800630570282788767e+01,-1.038857645616213500e-12,9.918632145305546999e+01
3.362467570952042628e+00,7.113982174290652161e+00,2.962164369660300736e+02,-2.962164369660300736e+02,-1.014669989037651590e+02,-1.629244080284554983e-12
3.387584003009888711e+00,1.001165486427867846e+00,2.396115583820480310e+02,-2.396115583820480310e+02,-1.594551881595383946e+01,4.600304631364807201e-13
3.381536508164692201e+00,1.188175928269051607e+00,1.764024071821076802e+02,-1.764024071821076802e+02,4.125531165167721651e-13,4.114463406579152149e+01
3.448955144263459172e+00,2.918951275418272262e-01,3.098134139223158741e+02,-3.098134139223158741e+02,-8.234843826036575365e+01,-1.016656319220651761e-12
3.333770899978743874e+00,6.484752439265844437e+00,2.033373404469752472e+02,-8.824450911288029431e+01,-8.637989791618975860e-13,2.033373404469752472e+02
3.391994198734447075e+00,1.839620404330257974e+00,5.753340234497178471e+02,-1.368424359888380006e-12,2.936446998591874902e+01,5.753340234497178471e+02
3.379588468020631176e+00,6.654782392638395550e+00,1.331038321486476832e+02,-1.331038321486476832e+02,-2.477172499415941083e-13,1.094343983248215864e+02
3.355134725493233105e+00,6.849657076247377852e+00,2.249048740244739122e+02,-2.249048740244739122e+02,1.446527232584224066e-12,1.093259082042327890e+01
3.480740911084776013e+00,6.336413736727224411e+00,3.911168756405803606e+02,-4.990905423227605968e-17,3.372143704935569986e+01,3.911168756405803606e+02
3.354099871869590022e+00,6.097997639091017774e+00,6.614884308217947364e+02,-4.674030872713622832e-13,2.223822315460085264e+01,6.614884308217947364e+02
3.498600243158173306e+00,7.243038358020405632e+00,3.030367327133791377e+02,-3.030367327133791377e+02,-9.646378050131060888e+01,-8.218555194239288765e-13
3.381966010999999828e+00,2.097886966999999991e+00,8.666351915143925453e+02,-8.313236096951050629e-13,4.038896523761632551e+01,8.666351915143925453e+02
3.381966010999999828e+00,5.902113033000000009e+00,9.452341015205122403e+02,9.511625965342404049e-14,2.429418614851962843e+01,9.452341015205122403e+02
3.502084518251291190e+00,1.196637606018519984e+00,1.103182954952783774e+02,-1.103182954952783774e+02,-1.774161767262160568e-12,4.693572964236840050e+01
3.429776878156583386e+00,6.206315658917390010e+00,5.511601995842161159e+02,-7.793807485092026196e-13,3.636698426568334952e+01,5.511601995842161159e+02
3.473540032275231670e+00,8.511397596052454606e-01,2.374600159651201352e+02,-2.374600159651201352e+02,-5.258327147133952906e+01,-2.272660512205604203e-13
3.497961184520708144e+00,7.020880101217168878e+00,2.259543641003174059e+02,-2.259543641003174059e+02,-4.575429055126100764e+01,7.325382402053648946e-13
3.529745772964459682e+00,1.596264250733935075e+00,3.052494608450169267e+02,-2.752359245386588116e-12,4.010882244896861692e+01,3.052494608450169267e+02
3.503538052863478747e+00,6.721447026059228946e+00,8.489973630059168386e+01,-8.489973630059168386e+01,-2.736922672980194928e-12,6.849275377185080060e+01
3.430101108141549116e+00,1.497323242858179970e+00,2.143639333799190752e+02,-3.639666237800319948e+01,-4.640341888756222672e-12,2.143639333799190752e+02
3.375626889319306656e+00,7.644504451067836825e+00,3.643404714378776816e+02,-3.643404714378776816e+02,-2.185586475016946508e+02,-5.370567405970163873e-13
3.580003460830427642e+00,6.545034594218275714e+00,1.945167134033749790e+02,-1.515965185915839772e-12,1.204097386490619925e+01,1.945167134033749790e+02
3.473349528755534710e+00,1.461815830376911318e+00,1.644933663356819693e+02,-7.854145447877055375e+00,-1.877623660363648068e-12,1.644933663356819693e+02
3.465729897929239023e+00,6.130419929289887548e+00,6.587038108331707917e+02,-5.866188607631834164e-12,3.099081367169124235e+01,6.587038108331707917e+02
3.543522249130558688e+00,1.389392003907074846e+00,1.231158416074730440e+02,-2.585813692551082963e-13,3.695266226265776055e+00,1.231158416074730440e+02
3.467926309000000096e+00,2.072074279000000185e+00,9.099300586992616218e+02,1.051880718236136428e-12,2.638083776619010479e+01,9.099300586992616218e+02
3.467926309000000096e+00,5.927925721000000259e+00,1.105470134740101912e+03,-1.172483954838761733e+01,3.681871641080195693e-12,1.105470134740101912e+03
3.643048416143540802e+00,5.351147442977460811e-01,2.402796067298409071e+02,-2.402796067298409071e+02,-7.174559808958044016e+01,-1.893846321125647925e-13
3.557087352583749418e+00,6.186027544061737160e+00,6.481698099066586565e+02,-3.543116329848241129e-12,5.270880324390653016e+01,6.481698099066586565e+02
3.602547412238309654e+00,9.807305762180555941e-01,1.679175760823246151e+02,-1.679175760823246151e+02,1.424546095552140233e-13,6.004613944943365311e+00
3.522034573966426052e+00,6.032154122118595474e+00,9.340348622372387126e+02,-5.121092245917316224e-13,2.375589876157966529e+01,9.340348622372387126e+02
3.487179487000000133e+00,0.000000000000000000e+00,2.650666297576609054e+02,-2.650666297576609054e+02,-4.789245019996405972e+01,3.932600602826819433e-12
3.487179487000000133e+00,8.000000000000000000e+00,3.971140939090443567e+02,-3.971140939090443567e+02,-1.547081833840365164e+02,3.043257250681042504e-13
3.571744224305220872e+00,6.845864686416021527e+00,1.227408620742965439e+02,-1.227408620742965439e+02,1.443874811357960981e-12,2.275376098199247465e+01
3.566866867104621086e+00,7.622905176309346942e-01,2.323617137979018992e+02,-2.323617137979018992e+02,-4.515843698290531449e+01,1.692618809939220310e-12
3.554958131999999882e+00,2.050144175999999874e+00,1.047195671889086043e+03,-5.597260831629964685e-14,1.153809484403246088e+01,1.047195671889086043e+03
3.554958131999999882e+00,5.949855824000000126e+00,1.158973749320924071e+03,-2.201080356934678761e+01,5.618064303152188670e-12,1.158973749320924071e+03
3.631883785760913863e+00,6.715000560144353869e+00,7.163998137627720553e+01,-2.089812698792573542e+01,-5.781310971257332752e-13,7.163998137627720553e+01
3.658629660123644101e+00,1.461609360757150533e+00,2.077247517419145879e+02,-7.633522257385377346e-13,6.001295706554551401e+01,2.077247517419145879e+02
3.593500539900702950e+00,1.885870826489249641e+00,7.827370429793838866e+02,4.270021881107458050e-14,3.729395689891784116e+01,7.827370429793838866e+02
3.692782017848184495e+00,6.316501883252193750e+00,4.963431923620944417e+02,1.756918489255682050e-13,6.681799175178694838e+01,4.963431923620944417e+02
3.642886209999999902e+00,2.032140823000000207e+00,1.064854958001482373e+03,-3.104224572869232108e-12,1.948783472926486127e+00,1.064854958001482373e+03
3.642886209999999902e+00,5.967859177000000237e+00,1.063767104884379478e+03,1.419056411916858835e-12,1.223096023664242438e+01,1.063767104884379478e+03
3.751728242467223140e+00,6.095805104927993767e+00,9.128906531161363773e+02,-7.900641517549516590e-13,4.080731193005122037e+01,9.128906531161363773e+02
3.723516057754564290e+00,6.803320399763519433e+00,5.235966107672663838e+01,-5.235966107672663838e+01,6.124754617649007226e-13,4.864946411173129093e+01
3.708157297161865262e+00,1.254348704001660986e+00,7.781190256105782055e+01,6.415473890284006960e-13,2.608995014404676738e+00,7.781190256105782055e+01
3.659091931077020909e+00,1.571441070412158636e+00,2.914787238604214394e+02,-2.723167990845503762e-12,7.041586983025756297e+01,2.914787238604214394e+02
3.781519719973323479e+00,6.662427240842995424e+00,1.082094373189568444e+02,-1.237674896237350998e-12,4.081858058512709420e+01,1.082094373189568444e+02
3.633106356946819826e+00,7.119467184840685192e+00,2.464757446097627280e+02,-2.464757446097627280e+02,-3.480435847168840979e+01,-1.541481817693972733e-12
3.778278011578997120e+00,7.837407960324506151e-01,1.888487561734944222e+02,-1.888487561734944222e+02,-1.107827499248838876e+01,-1.727881904247120324e-13
3.719460826977660783e+00,6.968812688287137291e+00,1.578346789383278974e+02,-1.578346789383278974e+02,-1.839400055837000090e-13,1.021079124770335333e+01
3.692307691999999975e+00,0.000000000000000000e+00,1.909549428545183218e+02,-1.909549428545183218e+02,-2.786412748325259514e+01,5.284870270578535080e-12
3.692307691999999975e+00,8.000000000000000000e+00,4.084724490453297676e+02,-4.084724490453297676e+02,-1.052904902762803374e+02,-1.150278828706799839e-12
3.693154206852066412e+00,1.687458652461530706e+00,4.569182569838950485e+02,-4.526627860829241522e-13,7.531276102252859062e+01,4.569182569838950485e+02
3.837165592819822724e+00,6.473093650669951238e+00,3.055118472228909923e+02,-1.071125883956087796e-12,7.915945056146354375e+01,3.055118472228909923e+02
3.667485710714318170e+00,7.219288872613201846e+00,2.790403375380258240e+02,-2.790403375380258240e+02,-3.421617947002713578e+01,-1.202318141089712034e-12
3.756207176139168880e+00,1.538294793875923938e+00,2.801868480191428716e+02,2.908256217306519655e-13,9.012216440872080625e+01,2.801868480191428716e+02
3.709443812107925176e+00,1.958710115228829762e+00,9.896125262517407464e+02,-8.171174028524499166e-13,2.115945761991972773e+01,9.896125262517407464e+02
3.731533467999999854e+00,2.018100475999999865e+00,1.137353882524238998e+03,-1.167670018249069841e+01,3.631388307055749416e-13,1.137353882524238998e+03
3.731533467999999854e+00,5.981899524000000135e+00,1.137221945047391728e+03,-1.175048234576686035e+01,1.134851968919712866e-12,1.137221945047391728e+03
3.732484996413024003e+00,2.164281572566504885e-01,2.021184990981617489e+02,-2.021184990981617489e+02,-8.932098025504717498e+01,7.886226652121891640e-13
3.757353909533272862e+00,1.416259429557517491e+00,1.746631036134529324e+02,1.448106761153167427e-13,8.311342530948410001e+01,1.746631036134529324e+02
3.753580416949413578e+00,7.927899569696871929e+00,4.126720297532889958e+02,-4.126720297532889958e+02,-9.558573468213823787e+01,-1.506661875170052295e-12
3.684056692610207850e+00,7.806954773024786576e+00,4.103644638763180410e+02,-4.103644638763180410e+02,-1.147580384197928112e+02,5.072868698088781856e-13
3.755989842725592442e+00,7.368521806168430111e+00,3.265005669293966548e+02,-3.265005669293966548e+02,-6.149173583306810542e+01,-6.593976776050473835e-13
3.797062850967912961e+00,7.630280792474560592e+00,3.936885504349538110e+02,-3.936885504349538110e+02,-7.728311748118133551e+01,-3.202020818439776059e-13
3.907943051866851203e+00,1.408401432347157201e+00,1.690601497719150075e+02,6.253243560185341201e-13,9.184429127267141268e+01,1.690601497719150075e+02
3.758843221217848640e+00,1.848975600956799026e+00,7.415719857254351837e+02,-1.017402915803749599e-13,5.844810249392580204e+01,7.415719857254351837e+02
3.820721381999999888e+00,2.008051411999999925e+00,9.943631139840701962e+02,8.709808270068712933e-13,4.612735638720923248e+01,9.943631139840701962e+02
3.820721381999999888e+00,5.991948587999999631e+00,1.123043672791754943e+03,-5.444971720421269978e+00,1.015943480238532595e-12,1.123043672791754943e+03
3.782908835590800489e+00,7.148413461581657025e+00,2.454902146375757184e+02,-2.454902146375757184e+02,-1.486727860364040232e+01,-4.162130230322350153e-12
3.803958541639846036e+00,1.010971230707546242e+00,1.168788306578885852e+02,-1.168788306578885852e+02,2.836929312246953128e-13,3.047649281201833560e+01
3.877453109536057152e+00,8.953006459765457947e-01,1.588284317874328053e+02,-1.588284317874328053e+02,-3.289716700446983235e-12,2.172096786199120189e+01
3.873944115728257032e+00,1.871056550952828967e+00,8.265899154021249160e+02,-1.195189853674581036e-12,5.441156392447290102e+01,8.265899154021249160e+02
3.961804294277654570e+00,8.017278592962092665e-01,1.819004752451330944e+02,-1.819004752451330944e+02,-7.734514838708895075e-13,6.992665709193716772e+00
3.914022234304479486e+00,6.827676598605628477e+00,5.565194521248498916e+01,-5.073541036708796526e+01,-3.109349968356749184e-13,5.565194521248498916e+01
3.897435896999999816e+00,0.000000000000000000e+00,1.639159773124862909e+02,-1.639159773124862909e+02,-7.006129480453648739e+01,2.902535754445460705e-12
3.897435896999999816e+00,8.000000000000000000e+00,4.170468197005478714e+02,-4.170468197005478714e+02,-7.910923649509695110e+01,-9.773368317013550010e-13
3.892406390829472151e+00,1.165512180785286400e+00,6.301837187584133915e+01,-3.068758666278667491e+01,-3.632685484706463410e-13,6.301837187584133915e+01
3.910270339000000206e+00,2.002013867000000058e+00,9.601628706418755428e+02,1.992216539518485674e-12,4.842055801682453620e+01,9.601628706418755428e+02
3.910270339000000206e+00,5.997986133000000386e+00,1.180993149235251622e+03,-8.132932273790661526e+00,-1.631187566621544781e-12,1.180993149235251622e+03
4.003708051307993010e+00,6.613873593122137962e+00,1.531527232894169686e+02,-1.232127436090682405e-12,8.026975271585283167e+01,1.531527232894169686e+02
3.888492590096677581e+00,6.034636323611377584e+00,1.077178723939861811e+03,-2.026680028958332687e-12,1.535102775143529463e+01,1.077178723939861811e+03
3.964556490390493515e+00,1.907174771648672551e-01,1.363064471455222986e+02,-1.363064471455222986e+02,-1.119101491661458141e+02,4.251553894883102962e-14
3.914399997927929142e+00,7.020549763849460945e+00,1.770048001388808530e+02,-1.770048001388808530e+02,-3.960057709793846196e-12,2.081237832364187312e+01
3.863085306858659695e+00,1.681496986167782648e+00,5.118608769198495452e+02,-7.964710195437616074e-13,8.093547271837866219e+01,5.118608769198495452e+02
3.959827261394706088e+00,6.087672171886818084e+00,9.851867451850068846e+02,-4.688633636030748371e-12,3.547728290646940508e+01,9.851867451850068846e+02
4.017281363604356059e+00,1.813996861527245485e+00,7.172621405467075419e+02,4.204175626437340378e-13,5.447864699875808725e+01,7.172621405467075419e+02
3.950534848169962920e+00,6.264669195920453681e+00,6.277600153790752984e+02,-2.197506720808179570e-12,7.229952404736597771e+01,6.277600153790752984e+02
3.994540963586429960e+00,4.960266359936667535e-01,1.904594642216463853e+02,-1.904594642216463853e+02,-6.445245888058556716e+01,-1.119486209272666128e-12
3.967206965357760406e+00,9.823391144298051492e-01,1.215803702042216798e+02,-1.215803702042216798e+02,-1.353592946947856998e-12,3.569388143057916096e+01
4.000000000000000000e+00,2.000000000000000000e+00,1.007863840871470416e+03,3.680389163066632607e-12,1.402088436682345396e+01,1.007863840871470416e+03
4.000000000000000000e+00,6.000000000000000000e+00,1.140608529380278014e+03,-5.221802908183671286e-12,5.746413477259381786e+00,1.140608529380278014e+03
4.078718069610880015e+00,6.133542058391176610e+00,8.711391695053634976e+02,-3.893109530324461322e-12,4.693174268303365437e+01,8.711391695053634976e+02
4.008164637132960451e+00,7.197354846009616836e+00,2.624610233920968767e+02,-2.624610233920968767e+02,-8.462928240607084263e+00,-3.358337487049541359e-12
4.096145876971826638e+00,2.403967238032663212e-01,1.677805163900610523e+02,-1.677805163900610523e+02,-1.059377374321082641e+02,-5.559656669125017009e-14
4.035757214203939292e+00,1.599892406979088300e+00,3.753804904358961494e+02,1.984685194488692835e-12,9.998655241956372208e+01,3.753804904358961494e+02
4.006996113230822942e+00,7.832821188430765247e+00,4.155295442310721228e+02,-4.155295442310721228e+02,-7.104274868081174077e+01,-1.339679810301260324e-12
4.193069763923444881e+00,8.485400067535597834e-01,1.713050853036549483e+02,-1.713050853036549483e+02,1.952874492569989099e-13,1.032438735000416941e+00
4.148527410995725972e+00,6.963481047096454546e+00,1.399436907910073273e+02,-1.399436907910073273e+02,-4.806612425974776049e-13,2.460356770869699616e+01
4.015404943161086315e+00,6.438761125075727065e+00,3.563804876607294432e+02,2.050384552292325681e-12,9.211944459694753107e+01,3.563804876607294432e+02
4.125937013061565573e+00,1.918929264100437848e+00,9.259589039364226437e+02,2.476940778114344486e-12,3.358007309316160871e+01,9.259589039364226437e+02
4.163009703255829308e+00,7.499961235341341848e+00,3.598739176802054089e+02,-3.598739176802054089e+02,-7.250297463689150845e+01,6.138303650627171424e-14
4.118802143802637872e+00,1.673739792773130119e+00,4.713456267442330159e+02,2.092713053993242296e-12,1.033007294016028368e+02,4.713456267442330159e+02
4.089729660999999794e+00,2.002013867000000058e+00,1.095946426220314152e+03,3.599782604831779781e-12,3.316764135146891057e+00,1.095946426220314152e+03
4.089729660999999794e+00,5.997986133000000386e+00,1.050337284097156498e+03,-3.175291953690666442e-12,2.218253936439261054e+01,1.050337284097156498e+03
4.102564102999999740e+00,0.000000000000000000e+00,1.496926420027653819e+02,-1.496926420027653819e+02,-8.069067086751850582e+01,2.176020903661522621e-12
4.102564102999999740e+00,8.000000000000000000e+00,4.187923289260513684e+02,-4.187923289260513684e+02,-5.913871338563674840e+01,-1.867914803660650449e-12
4.132155511244780755e+00,1.580762993032555741e+00,3.593694602471481971e+02,1.200469488468655700e-12,9.997718469345942083e+01,3.593694602471481971e+02
4.198287777169406709e+00,1.609197241809797507e+00,3.757499240885714471e+02,1.661082870811829129e-12,9.511879574386142622e+01,3.757499240885714471e+02
4.176515057939075071e+00,1.438775549240394414e+00,2.065348948949709609e+02,-9.430863664248735504e-13,8.064792001093276497e+01,2.065348948949709609e+02
4.076594551045292114e+00,1.168463844879502167e+00,6.162316679376284156e+01,-1.484927602456434492e+01,-2.411351903009692726e-12,6.162316679376284156e+01
4.211290412622822998e+00,1.763365171397761610e+00,6.055055156812101131e+02,4.826286933725402679e-13,8.112251865875450108e+01,6.055055156812101131e+02
4.154834653578816095e+00,6.493888814012453992e+00,2.753613090451996754e+02,-1.070074412884814302e-12,8.006231353142646867e+01,2.753613090451996754e+02
4.131634651380273304e+00,6.350355305939515027e+00,4.862174247979957045e+02,6.126873574159670899e-13,8.703399371957483766e+01,4.862174247979957045e+02
4.215866540737880364e+00,6.639426727392089056e+00,1.151808306205058443e+02,-2.892567995300358930e-12,5.727965748047029138e+01,1.151808306205058443e+02
4.137881328747530674e+00,6.223824698228229479e+00,6.930589437821864749e+02,-1.938159155029912242e-12,7.302536940929377351e+01,6.930589437821864749e+02
4.108590480723590233e+00,6.765469944509800548e+00,6.604353808399164905e+01,-5.191572681541810775e-13,1.275323041926038403e+00,6.604353808399164905e+01
4.179278617999999668e+00,2.008051411999999925e+00,1.027022740438270830e+03,2.614935223217924020e-12,1.364948475129965111e+01,1.027022740438270830e+03
4.179278617999999668e+00,5.991948587999999631e+00,1.148930446532704536e+03,-5.840107148973707751e-01,2.295802713074021262e-12,1.148930446532704536e+03
4.285261404540787744e+00,7.186300264845942642e+00,2.598923993440133131e+02,-2.598923993440133131e+02,-3.330376985778235621e+01,-3.774120702666829086e-14
4.255929158107615962e+00,6.094294727495102038e+00,9.227141772013392256e+02,-8.898743710101191802e-14,3.982034540608047024e+01,9.227141772013392256e+02
4.324154814713986994e+00,1.164010094371892068e+00,6.453972342088276548e+01,-6.453972342088276548e+01,-3.440726766993202346e-13,5.429375612227548231e+01
4.258263507793329516e+00,1.925653641769848434e+00,8.984105327859730323e+02,-2.252445398569648342e-12,3.704579309950747756e+01,8.984105327859730323e+02
4.323287236747517248e+00,2.741291369478877638e-01,2.231182864028729682e+02,-2.231182864028729682e+02,-8.283853374113745360e+01,-7.133285244978736079e-13
4.322493320994411192e+00,7.029337581320324269e+00,1.930937032791364629e+02,-1.930937032791364629e+02,-5.219019630268977750e+00,-6.201038068978493595e-13
4.261951911106591773e+00,6.785672760191642006e+00,5.289003370030050633e+01,-3.968144119464714947e+01,3.490971816317291462e-13,5.289003370030050633e+01
4.353414475704702191e+00,1.587664473509177832e+00,3.294830578621756558e+02,1.064353441716979656e-12,7.057163644817937609e+01,3.294830578621756558e+02
4.268466531999999702e+00,2.018100475999999865e+00,1.082630289993655424e+03,-7.253547965510414031e-01,-4.765935712196699501e-12,1.082630289993655424e+03
4.268466531999999702e+00,5.981899524000000135e+00,1.127062274552994495e+03,1.010095180814067691e-12,1.100809477137156378e+00,1.127062274552994495e+03
4.259872572522287015e+00,5.702467462255096375e-01,2.422176132368241781e+02,-2.422176132368241781e+02,-5.331134711415327843e+01,-1.792859275079166276e-12
4.375065799176613091e+00,6.899929343893983713e+00,1.349214999317938748e+02,-1.349214999317938748e+02,1.131917701724251093e-12,9.085382814334545643e+00
4.307692308000000025e+00,0.000000000000000000e+00,1.744521275374764855e+02,-1.744521275374764855e+02,-1.346072679543903305e+01,1.191812832076276254e-12
4.307692308000000025e+00,8.000000000000000000e+00,4.172525932447126706e+02,-4.172525932447126706e+02,-9.470579151727709188e+01,-2.285853063419683628e-13
4.273094673663271337e+00,6.277434150282925174e+00,5.553035254911633274e+02,-3.381823026006775996e-13,7.412220075672037467e+01,5.553035254911633274e+02
4.258940382841765349e+00,6.405606294887344454e+00,3.787034147841262666e+02,-2.934143825768845843e-12,6.915732868211853202e+01,3.787034147841262666e+02
4.385421609507448082e+00,1.388349416003326953e+00,1.378494083088137359e+02,4.833606309579694314e-13,3.161432398227498197e+01,1.378494083088137359e+02
4.357113789999999653e+00,2.032140823000000207e+00,9.677363328403057494e+02,-1.988967922596878529e-12,1.837841928428314020e+01,9.677363328403057494e+02
4.357113789999999653e+00,5.967859177000000237e+00,1.179779574838523331e+03,-8.261921794143411546e+00,2.820582054501360237e-12,1.179779574838523331e+03
4.445273177582260260e+00,1.479282331824615104e+00,2.036007618520929725e+02,-2.510558770911198024e-12,3.854804448172311737e+01,2.036007618520929725e+02
4.376727901727409886e+00,6.002071250142477332e+00,1.075993773558040175e+03,-1.230619981658548109e-12,1.027202051434315422e+01,1.075993773558040175e+03
4.304576559976782235e+00,6.517949085327837899e+00,2.409574111633943119e+02,-5.073932137564744242e-12,5.247624520550734672e+01,2.409574111633943119e+02
4.481930233933505647e+00,7.069722857224625123e+00,2.387989891778530307e+02,-2.387989891778530307e+02,-4.942541914581285312e+01,-1.858941092788744869e-13
4.529255689814956298e+00,6.608157037034728676e-01,2.831605663028178697e+02,-2.831605663028178697e+02,-7.013794371769381542e+01,-1.674006439061470838e-12
4.445041867999999674e+00,2.050144175999999874e+00,1.094946258450398545e+03,-2.512591251703472867e-14,4.024355044895251865e+00,1.094946258450398545e+03
4.445041867999999674e+00,5.949855824000000126e+00,1.154688237568849445e+03,-3.271381574784655299e-01,-2.361919677777122704e-12,1.154688237568849445e+03
4.462786883736626464e+00,6.662710274031752533e+00,1.037777320210918788e+02,-4.387091315797290747e+01,1.271190241025321435e-13,1.037777320210918788e+02
4.407639451778471162e+00,1.812827567192847322e+00,6.326705641824582926e+02,3.489419869717709747e-13,5.531110939815356886e+01,6.326705641824582926e+02
4.350864151592594986e+00,7.798450651086663576e+00,4.006079789201280050e+02,-4.006079789201280050e+02,-1.255175544487065622e+02,-1.280724267006698340e-12
4.457541107286318471e+00,5.979695452012230739e+00,1.123590375854395006e+03,-3.129331057613896405e+00,-4.859186162651285017e-12,1.123590375854395006e+03
4.431363070943783455e+00,6.390264297500687363e+00,3.601771215170013534e+02,-2.551186139984251934e-12,4.449384695466593342e+01,3.601771215170013534e+02
4.432986755045161154e+00,9.408135210592026842e-01,1.893248580577468942e+02,-1.893248580577468942e+02,-8.608884527946514709e+00,-2.570770853446108089e-13
4.495542730383157881e+00,1.954772509020903604e+00,8.677905221655830701e+02,3.420277004429815145e-13,2.548885994828482282e+01,8.677905221655830701e+02
4.476372751980301601e+00,6.039055236732785659e+00,9.351246004116235326e+02,-1.257495946009155991e-12,3.099251916162697640e+01,9.351246004116235326e+02
4.512820513000000311e+00,0.000000000000000000e+00,3.313116060556684488e+02,-3.313116060556684488e+02,-5.346370260953448650e+01,1.345711087599739029e-12
4.512820513000000311e+00,8.000000000000000000e+00,3.929640533829736455e+02,-3.929640533829736455e+02,-1.739017638637567416e+02,-9.041404191902613901e-13
4.423525021059925955e+00,6.201896061977770103e+00,6.273547682164369235e+02,4.638470521599125697e-14,5.753706826664902962e+01,6.273547682164369235e+02
4.527549525566082700e+00,1.100773572874140349e+00,1.594891945271616578e+02,-1.594891945271616578e+02,-9.133083619944673739e-13,2.075342321742783369e+01
4.506892033857303304e+00,1.540641727289892238e+00,2.466342607975008150e+02,-2.701531732564255587e-12,2.428006282047785547e+01,2.466342607975008150e+02
4.478245653501408796e+00,1.258879284951710087e+00,7.027673069628441738e+01,-7.027673069628441738e+01,3.617591641319638728e-13,6.889399065172565884e+01
4.496700316508250417e+00,1.666068391979391938e+00,3.653171197597390005e+02,2.116107211065878403e-13,5.238296789396960662e+01,3.653171197597390005e+02
4.532073690999999904e+00,2.072074279000000185e+00,9.719050377209437102e+02,2.151881904611019977e-13,1.394558532844746424e+01,9.719050377209437102e+02
4.532073690999999904e+00,5.927925721000000259e+00,1.134519317764169955e+03,-3.171937855599273498e-12,1.656705909866332149e+00,1.134519317764169955e+03
4.591733203314519507e+00,9.274507789745809472e-01,2.469494545466112640e+02,-2.469494545466112640e+02,-2.856269486075651542e+01,-2.603487075442164564e-12
4.544954465315018233e+00,6.147625779339827012e+00,6.310468538216957768e+02,-4.350950545732705243e-13,4.584845595868912937e+01,6.310468538216957768e+02
4.512133753943263770e+00,7.627830564645374345e+00,3.795904948961918990e+02,-3.795904948961918990e+02,-1.764093366905566143e+02,-2.400584737865201214e-12
4.602475263646480741e+00,6.057506034169533038e+00,7.729780990525644029e+02,-1.675118158148655146e-12,3.512904289427401494e+01,7.729780990525644029e+02
4.559954102954513644e+00,6.263953998561918368e+00,4.519649616579665690e+02,-6.019854346221329636e-13,4.000345810073532959e+01,4.519649616579665690e+02
4.535667128000736348e+00,1.398787473625890510e+00,1.319313135058625903e+02,-2.799627564391166601e+01,-1.291794104223483471e-12,1.319313135058625903e+02
4.519621668237649992e+00,1.750005296978208502e+00,4.943237233746127686e+02,2.713640077722117080e-12,6.210408873300865906e+01,4.943237233746127686e+02
4.587923691876455656e+00,1.604617739483161998e+00,2.639180643781930939e+02,-2.300829326949682491e-13,6.098100334479519269e+00,2.639180643781930939e+02
4.619016216207003644e+00,1.239961792158633891e+00,1.497170711432740120e+02,-1.497170711432740120e+02,-1.734284488112927781e-13,5.264595870191340055e+01
4.569341160462713880e+00,1.821329263928870290e+00,5.667018514495875934e+02,2.014375348224945770e-13,4.597263286943420724e+01,5.667018514495875934e+02
4.618033988999999728e+00,2.097886966999999991e+00,1.070514545970620475e+03,-1.176196023415231195e+01,7.759062440393554173e-13,1.070514545970620475e+03
4.618033988999999728e+00,5.902113033000000009e+00,9.624839584994115285e+02,1.827554932863931200e-12,3.129665972744409430e+01,9.624839584994115285e+02
4.622580284720517518e+00,1.504989514706839948e+00,1.870848297828479190e+02,-4.251388327958891011e+01,1.722376225713651709e-12,1.870848297828479190e+02
4.602820157961931891e+00,7.830922367856480548e+00,3.838302721073596331e+02,-3.838302721073596331e+02,-2.261371340532360534e+02,-1.353127368921957043e-12
4.698186685348594516e+00,7.701798665305991776e+00,3.847305033357189359e+02,-3.847305033357189359e+02,-2.472186680346153480e+02,-1.867461633503062005e-12
4.692687944401677136e+00,1.376066440743070940e+00,1.389730151096249244e+02,-1.389730151096249244e+02,-1.264687951115903769e-12,1.068093047573468226e+02
4.588518192611090285e+00,7.360787226537017780e+00,3.376621921086588145e+02,-3.376621921086588145e+02,-1.583465210391760536e+02,-1.407169089132725817e-13
4.669915142766857485e+00,7.576488281993636775e+00,3.675408661567209379e+02,-3.675408661567209379e+02,-1.927722900526165404e+02,-1.959457727894995337e-12
4.604782956680961270e+00,1.698669956305939532e+00,3.547633801698552816e+02,9.215159773470353172e-13,2.845101182892607738e+01,3.547633801698552816e+02
4.637121856167937040e+00,1.632556766992640407e+00,2.722312917773504068e+02,-8.342910621001465188e+00,3.810396491263267075e-12,2.722312917773504068e+02
4.662786794746371477e+00,6.176582866964536400e+00,5.256525806411964368e+02,-1.200842042361201444e-12,5.896001119773251808e+00,5.256525806411964368e+02
4.659393984794636623e+00,1.582390993502509557e+00,2.321231765692248530e+02,-3.356943798792278955e+01,4.402812741013531504e-12,2.321231765692248530e+02
4.675124129284850660e+00,2.047576892816082239e+00,8.980726244029792724e+02,-6.836393960268980978e-13,1.079355802766785644e+01,8.980726244029792724e+02
4.573927935061768757e+00,6.891748809102757889e+00,2.063072603862960079e+02,-2.063072603862960079e+02,1.895372527921738112e-12,6.323376047731848359e+00
4.662036089624309376e+00,1.939480855918464641e+00,6.759563696082329898e+02,-1.029727820965012419e-12,2.707580634825146504e+01,6.759563696082329898e+02
4.702749648000000171e+00,2.127530258999999813e+00,9.889093640791895723e+02,-1.656018573798319455e-12,1.142316138403681691e+01,9.889093640791895723e+02
4.702749648000000171e+00,5.872469740999999743e+00,9.132336456336945503e+02,8.215347275709120138e-13,3.079405102829281304e+01,9.132336456336945503e+02
4.751460395524969904e+00,1.990723635087955579e+00,6.821976816154594871e+02,-2.230644058682609989e-13,2.453714879996318388e+01,6.821976816154594871e+02
4.784368846746085424e+00,2.057263780347067250e+00,7.909433917284015934e+02,2.669912547024664192e-13,1.039584675300158523e+01,7.909433917284015934e+02
4.719928766326672687e+00,1.070347924432743625e+00,2.716700378600814929e+02,-2.716700378600814929e+02,-1.041250199728982295e+01,-1.482367016320156919e-12
4.717948717999999708e+00,0.000000000000000000e+00,4.452680356217044846e+02,-4.452680356217044846e+02,-3.470019221222547401e+01,2.730354641225361192e-12
4.717948717999999708e+00,8.000000000000000000e+00,3.657166631063030309e+02,-3.657166631063030309e+02,-2.944901975898973774e+02,-9.514646667411415327e-14
4.760488590697707245e+00,1.231647146801577719e+00,2.497363271733584611e+02,-2.497363271733584611e+02,-3.147753612717394775e-13,4.559971846982995203e+01
4.726358952111695544e+00,1.770735293998991322e+00,3.877511403084728840e+02,-1.048014172290375434e+01,1.504928067864832155e-12,3.877511403084728840e+02
4.803361104282527272e+00,6.775661402148694279e+00,3.068961428513021019e+02,-3.068961428513021019e+02,4.258979602900692252e-13,4.744722944365177852e+01
4.806004462471707761e+00,1.145183056791261755e+00,2.991196190998473412e+02,-2.991196190998473412e+02,3.047408798724442614e-13,7.707472347410288194e+00
4.710444726548826289e+00,6.022714213748984413e+00,7.276782439067328596e+02,3.349109688685468741e-13,1.934440494352216433e+01,7.276782439067328596e+02
4.749575732155887131e+00,8.619042977506464753e-01,3.350507940233767386e+02,-3.350507940233767386e+02,-6.706523480224485922e+01,-9.364821388439092806e-13
4.696263668332062657e+00,1.642937410674070842e+00,2.782843797277422482e+02,-3.649705848627983329e+01,4.305536009717037636e-12,2.782843797277422482e+02
4.786050063000000243e+00,2.160944455000000097e+00,8.873569163318691153e+02,2.405216893496312984e-12,1.916096658864871927e+01,8.873569163318691153e+02
4.786050063000000243e+00,5.839055544999999903e+00,9.814170254119869696e+02,-1.498862163848939701e-12,4.848687858595866373e+00,9.814170254119869696e+02
4.808345274313631457e+00,7.473331743348639311e-02,4.452680356217056215e+02,-4.452680356217056215e+02,-3.470019221222568007e+01,2.644132915712981573e-12
4.752969864200956351e+00,1.524646197043519447e+00,1.819778806116331111e+02,-1.246078627532384644e+02,5.020677825958943785e-13,1.819778806116331111e+02
4.881196517225134812e+00,7.616555342169404774e+00,4.298056076469214304e+02,-4.298056076469214304e+02,-2.784485321385212160e+02,9.073431389016920234e-13
4.747408119375923441e+00,7.053088645825340564e+00,3.322519517474831900e+02,-3.322519517474831900e+02,-8.546102040384842269e+01,1.407934356914961861e-12
4.821704690539579730e+00,6.164212121741042161e+00,4.198543497571714056e+02,-6.032087223014411137e+01,8.992280538369355148e-13,4.198543497571714056e+02
4.737640802070977486e+00,6.404653227908303492e+00,2.572550350116649724e+02,-1.013072563166302729e+02,-1.533554002885728518e-14,2.572550350116649724e+02
4.825207007012857652e+00,7.858125714382528493e+00,3.704130194023132958e+02,-3.704130194023132958e+02,-3.308064807333759632e+02,1.071434095360473144e-13
4.855149484433787244e+00,5.963997986153056097e+00,6.697022857697436393e+02,-1.534926228457282349e+01,7.026454008060061319e-13,6.697022857697436393e+02
4.919070767229438701e+00,7.064616981656875794e+00,4.741208174421943795e+02,-4.741208174421943795e+02,-7.842345553022147442e+01,8.394720041607835084e-13
4.821928733993370741e+00,9.765482589287615145e-01,3.535704175240983318e+02,-3.535704175240983318e+02,-4.282414478319321915e+01,7.817732108284191874e-13
4.883852733352436637e+00,1.074616353268333713e+00,3.814437713047219631e+02,-3.814437713047219631e+02,-2.218955205252790108e+01,1.023649251085910588e-12
4.867767478000000203e+00,2.198062263999999821e+00,9.287224666366987549e+02,-2.552858042124285021e+01,-1.794463557508669850e-12,9.287224666366987549e+02
4.867767478000000203e+00,5.801937736000000179e+00,7.642519059526600813e+02,-4.029779862033974846e-13,2.330156577078491154e+01,7.642519059526600813e+02
4.796794849490195745e+00,1.646074561555668891e+00,2.450958044869850028e+02,-9.801814361107813056e+01,1.657539582111510359e-13,2.450958044869850028e+02
4.865619689364176104e+00,1.353104224723465032e+00,2.903811823163208032e+02,-2.903811823163208032e+02,-6.337260256531029106e-13,8.772245013948138137e+01
4.905495377048212369e+00,6.270688213376356401e+00,3.036324175483300678e+02,-1.960057165661986289e+02,2.737465877770189995e-12,3.036324175483300678e+02
4.784058509762442846e+00,2.240329377339805861e-01,4.459776793491874969e+02,-4.459776793491874969e+02,-8.131650830309045830e+01,-1.588834324377136865e-13
4.897826610554119497e+00,6.952901752124316381e+00,4.173075557226024443e+02,-4.173075557226024443e+02,-3.246050257147187068e+01,4.017802010201238679e-13
4.900878084051771388e+00,2.177144357739553282e+00,8.355897750797086019e+02,-6.560225166283672138e+00,-6.765601442113967202e-13,8.355897750797086019e+02
4.956777858467686038e+00,6.878367530164014809e+00,4.636852604460699467e+02,-4.636852604460699467e+02,-3.834648671388256074e-12,1.069975186939515055e+01
4.923076922999999994e+00,0.000000000000000000e+00,4.452680356217044846e+02,-4.452680356217044846e+02,-3.470019221222538874e+01,2.730354641225361192e-12
4.923076922999999994e+00,8.000000000000000000e+00,3.632234956753824804e+02,-3.632234956753824804e+02,-3.433540917059485764e+02,-1.978844568157719385e-12
4.860017791076963078e+00,1.201582280183716822e+00,3.277485076636704662e+02,-3.277485076636704662e+02,1.968945345583854111e-12,2.774477058366537818e+01
4.934733257898158421e+00,8.968856374518422436e-01,4.526011305763610153e+02,-4.526011305763610153e+02,-7.828361732922509475e+01,-4.324988941195782720e-13
4.947737325000000297e+00,2.238808935999999861e+00,8.274041812085307583e+02,-2.736921166489483426e+01,-1.652895549693752949e-12,8.274041812085307583e+02
4.947737325000000297e+00,5.761191064000000139e+00,6.928492079897524718e+02,-1.276819199226477508e+01,-3.450837428145651137e-12,6.928492079897524718e+02
4.900522519744808569e+00,6.361249404674763630e-01,4.811270933386124398e+02,-4.811270933386124398e+02,-1.181446748081141749e+02,-1.649152951792297007e-12
4.870883898301338277e+00,1.726315253039115705e+00,2.867707809153448579e+02,-1.216003353783455481e+02,-1.101589659702223502e-12,2.867707809153448579e+02
4.906530494585301660e+00,2.098210953406893342e+00,6.524711573568449694e+02,-6.729091145590590628e+00,9.777713483217411662e-13,6.524711573568449694e+02
4.988568256321982197e+00,6.573548089234244607e+00,4.105628221874929977e+02,-4.105628221874929977e+02,2.860572014879471616e-13,1.484897790039423171e+02
4.968348695987273800e+00,7.259191328998162440e+00,5.099408462400097051e+02,-5.099408462400097051e+02,-1.617158283908693477e+02,5.518970080401886736e-13
5.003877234648018479e+00,6.367112685791210147e+00,3.483668557958459928e+02,-3.483668557958459928e+02,-3.344990814017141970e-13,2.483680652833722320e+02
4.984432323090257633e+00,1.200073218002009057e+00,4.461216511276084020e+02,-4.461216511276084020e+02,2.412528821731935162e-12,1.971334181188733936e+01
4.884301379006507737e+00,1.917841129615383444e+00,4.517045007665741991e+02,-4.759145698907379796e+01,2.206899081368016511e-12,4.517045007665741991e+02
4.996321387887092236e+00,2.189435730479723841e+00,6.558419174270954954e+02,-8.784100601163245869e+00,7.293353771450391262e-13,6.558419174270954954e+02
5.038399686009157108e+00,5.900371444087106454e+00,4.870731752580403509e+02,-8.363253902875902668e+01,1.534542688836277744e-12,4.870731752580403509e+02
5.063254209654416194e+00,6.791688501258695609e+00,5.295917173358932359e+02,-5.295917173358932359e+02,-8.618791311086661780e-13,3.842773054024480928e+01
5.059189053756258936e+00,6.147817385297003057e+00,3.444317937230641178e+02,-3.081373597030789711e+02,1.086288044779075176e-12,3.444317937230641178e+02
5.025798554999999723e+00,2.283102412999999942e+00,6.820921096385224018e+02,-1.382146012654163769e+01,1.416596864025596960e-12,6.820921096385224018e+02
5.025798554999999723e+00,5.716897587000000058e+00,7.456899492173636190e+02,-1.634471846233019221e+01,-5.066355704052578120e-12,7.456899492173636190e+02
5.009551961744671544e+00,1.731229324082945720e+00,2.812278645490385998e+02,-2.812278645490385998e+02,-4.804181638819833683e-13,2.573562289237868299e+02
5.060511461389149979e+00,1.027093570313281079e+00,5.641242411417697440e+02,-5.641242411417697440e+02,-4.511897506174989303e+01,-6.258302087689311566e-13
4.937456648675019544e+00,1.563347309622422632e+00,2.817380574038490977e+02,-2.817380574038490977e+02,-4.248459582303505603e-12,1.858278925684011540e+02
5.135321371831925497e+00,6.476027330847763608e+00,5.527409061653754634e+02,-5.527409061653754634e+02,-1.174209288996154648e-13,1.906645824933993936e+02
5.101793963000000431e+00,2.330853493000000221e+00,5.849867784499750769e+02,-3.411143842611168964e+01,1.598705573507128857e-12,5.849867784499750769e+02
5.101793963000000431e+00,5.669146506999999779e+00,5.053901930685823345e+02,-6.964274846750811321e+00,5.600820333593457351e-13,5.053901930685823345e+02
5.160342726761622423e+00,1.857954521012971094e+00,4.338847013625650675e+02,-4.338847013625650675e+02,2.068200834610487768e-12,2.936037155033891963e+02
5.063320256927768881e+00,6.994944936945620029e+00,5.514738296007361669e+02,-5.514738296007361669e+02,-3.854854134980737257e+01,-1.126528583158633270e-12
5.188863929502217864e+00,6.628381738886318431e+00,6.518465430554044815e+02,-6.518465430554044815e+02,1.267754517604410093e-12,1.225995586976105187e+02
5.112067580701890712e+00,5.768432755940730239e+00,4.776294528066704288e+02,-5.431508610439171036e+01,-3.844789960158906601e-13,4.776294528066704288e+02
5.128205128000000279e+00,0.000000000000000000e+00,6.700476309412304090e+02,-6.700476309412304090e+02,-1.247837069019140444e+02,-2.590877432846262989e-12
5.128205128000000279e+00,8.000000000000000000e+00,5.770751340982550346e+02,-5.770751340982550346e+02,-2.991140896221621688e+02,5.977954186611630219e-13
5.071615576708039974e+00,1.369931757261995786e+00,4.991632950075600093e+02,-4.991632950075600093e+02,-3.144091698010644316e-13,9.302176455967492075e+01
5.109728453214084531e+00,2.253008148892373441e+00,4.921546583749691308e+02,-3.121168958675895766e+01,1.354120007123474750e-12,4.921546583749691308e+02
5.191059183684862077e+00,5.858038895492798659e+00,3.618116282009273164e+02,-2.612608656655326058e+02,1.907763900051958667e-12,3.618116282009273164e+02
5.195049593153162171e+00,1.587917392287327534e+00,5.896403195188789823e+02,-5.896403195188789823e+02,-6.559784917641246740e-14,1.893990049788827434e+02
5.163698900937163216e+00,6.888175002581463424e+00,6.393779724618659657e+02,-6.393779724618659657e+02,1.209493712481694642e-12,7.001226354911281646e+00
5.087323326456776762e+00,2.085721861976321811e+00,4.022001131428242502e+02,-1.355800128210381388e+02,-1.573459766923070804e-13,4.022001131428242502e+02
5.175570504999999599e+00,2.381966010999999828e+00,4.213913408969926877e+02,-6.558563695243510949e+01,2.452060740456618943e-12,4.213913408969926877e+02
5.175570504999999599e+00,5.618033988999999728e+00,3.464547348014096997e+02,-6.665245041986818109e+00,3.732352138647856854e-12,3.464547348014096997e+02
5.197831237876405552e+00,6.331771516160785040e+00,5.892745410983745842e+02,-5.892745410983745842e+02,-6.290522429425218898e-13,2.461968370780327575e+02
5.165494738179851275e+00,1.169842843956274470e+00,6.345766816176180782e+02,-6.345766816176180782e+02,5.082010246905838441e-13,3.630397645364212167e+00
5.213489555344644089e+00,3.690251289398820411e-01,7.454520986191262182e+02,-7.454520986191262182e+02,-1.707695236107567496e+02,-1.994454826761081062e-12
5.202607759161578471e+00,1.015537018515745737e+00,6.968098559753898371e+02,-6.968098559753898371e+02,-3.479482398897651763e+01,-1.183792758556441599e-12
5.274580017548328392e+00,1.350124315996897861e-01,8.057142361180068519e+02,-8.057142361180068519e+02,-1.788201062998560928e+02,-3.399664060856432107e-12
5.279355728671204950e+00,6.805626865172305529e+00,7.810389579560817310e+02,-7.810389579560817310e+02,8.558731855723667193e-14,4.068453327281606846e+01
5.282254115811543471e+00,1.340869006167459077e+00,7.495013694092278911e+02,-7.495013694092278911e+02,1.360124804255487215e-12,8.088409730230189609e+01
5.246979603999999853e+00,2.436337035000000206e+00,2.201514558942627673e+02,-1.470957028773182458e+02,2.181401501742789208e-12,2.201514558942627673e+02
5.246979603999999853e+00,5.563662964999999794e+00,1.974238430453230535e+02,-5.808101896709055012e+01,1.071102866195327187e-12,1.974238430453230535e+02
5.271676945643467782e+00,2.246309264236327596e+00,2.948068823044860665e+02,-2.948068823044860665e+02,2.366571843746346891e-13,2.814010444125185586e+02
5.256230394232326297e+00,6.211381385314805215e+00,6.377126108958582336e+02,-6.377126108958582336e+02,1.037587828700986179e-12,2.826070119641570386e+02
5.218779707573456328e+00,6.120917842340409365e+00,5.180940527929044492e+02,-5.180940527929044492e+02,9.621442097949838756e-13,3.065669715587752080e+02
5.236155945591153049e+00,6.001764338375719987e+00,4.735079613956360163e+02,-4.735079613956360163e+02,-1.880225628754751025e-13,3.348796006839648953e+02
5.353929686541262001e+00,1.477685004204786878e+00,8.289424476835959013e+02,-8.289424476835959013e+02,4.194304543125479453e-12,1.363262318476829194e+02
5.249552813056865830e+00,6.962070500673727125e+00,7.393095739444185028e+02,-7.393095739444185028e+02,-2.576467446904743497e+01,8.093282691448425848e-13
5.304137252307083550e+00,6.288138377770451370e+00,7.212204084044158208e+02,-7.212204084044158208e+02,-1.290518162320115063e-12,2.563784953098493702e+02
5.202260928939774765e+00,5.664737653909723392e+00,3.348093449895800404e+02,-7.497901198244601062e+01,2.038935333070764806e-12,3.348093449895800404e+02
5.328881786430017087e+00,6.352939242408513820e+00,8.005287516809203225e+02,-8.005287516809203225e+02,-2.776660669770562643e-13,2.478881705434995979e+02
5.175499149666074494e+00,5.712530922603351158e+00,3.457499189485331499e+02,-5.959540950034939755e+01,5.939963242826135707e-13,3.457499189485331499e+02
5.222225018465542767e+00,5.784451537178134650e+00,3.414520351158680569e+02,-2.468929594346146814e+02,-5.069346736662845699e-13,3.414520351158680569e+02
5.282681744275727453e+00,2.035241018304018823e+00,5.245861333129778359e+02,-5.245861333129778359e+02,-1.076700803489694163e-12,3.149345793400705702e+02
5.346777625607514572e+00,5.835623960559805035e+00,5.915571304128287693e+02,-5.915571304128287693e+02,-1.595613100923640329e-12,3.239542422354445534e+02
5.291272796623383456e+00,5.608732953674686605e+00,1.753944332390332193e+02,-1.753944332390332193e+02,4.469707481863854454e-13,1.658139084419354106e+02
5.298250334248097104e+00,6.481049151652458207e+00,7.553684701926725893e+02,-7.553684701926725893e+02,3.897581369177772658e-13,1.954143095007210604e+02
5.194228466567938796e+00,5.745144573760862627e+00,3.399795786614172926e+02,-1.455566939702800084e+02,3.637422642924151213e-12,3.399795786614172926e+02
5.423423503725104844e+00,1.705221139119678375e-01,9.525947363504765235e+02,-9.525947363504765235e+02,-1.807195237917483723e+02,1.164036645478968521e-13
5.315877451999999614e+00,2.493857068000000066e+00,2.013983055125311239e+02,-2.013983055125311239e+02,3.586840048647588901e-12,1.271496100070206552e+02
5.315877451999999614e+00,5.506142932000000378e+00,1.756851619102667428e+02,-1.756851619102667428e+02,1.355992690555832473e-12,4.262130841889491961e+01
5.192641890572724961e+00,8.013352212717638201e-01,7.131636811179455435e+02,-7.131636811179455435e+02,-1.052821585318327209e+02,-1.383894985153027609e-12
5.324058151321776400e+00,6.123543409513748870e+00,7.171932593909001525e+02,-7.171932593909001525e+02,1.035438477897825536e-12,2.999346755877139685e+02
5.475629050711071422e+00,6.027141418359322600e+00,9.839742876974952424e+02,-9.839742876974952424e+02,-1.075603533991138291e-13,3.295666024798555895e+02
5.333333332999999676e+00,0.000000000000000000e+00,8.799339186106753914e+02,-8.799339186106753914e+02,-1.780327297886428823e+02,-1.351108410704401096e-12
5.333333332999999676e+00,8.000000000000000000e+00,7.663790224395758059e+02,-7.663790224395758059e+02,-2.457340822682789394e+02,-8.437350509137655489e-13
5.289315920024051820e+00,7.165784390598823883e+00,7.762452577865387866e+02,-7.762452577865387866e+02,-9.749599959495810708e+01,1.824786318719712222e-12
5.392307497941507322e+00,5.536827914648748461e+00,4.333599396330295690e+02,-4.333599396330295690e+02,7.260828486308339301e-13,7.323789581149927130e+01
5.323235489725790970e+00,1.751815790593683531e+00,7.405291495139817926e+02,-7.405291495139817926e+02,2.435281208224609863e-13,2.516436487553664278e+02
5.369482025404771264e+00,6.644626819577379884e+00,8.692394232289202591e+02,-8.692394232289202591e+02,-1.228175511993214709e-12,1.327035253237442021e+02
5.267253714910408391e+00,5.715344171934328088e+00,2.798440186409563921e+02,-2.798440186409563921e+02,-9.170227529463103460e-13,2.750100285129452686e+02
5.423144521797962803e+00,1.604478257731378754e+00,9.222256305592790113e+02,-9.222256305592790113e+02,1.780441016861461457e-12,1.953446458706596616e+02
5.402031118195244730e+00,2.495925455092553591e+00,3.766834329558376453e+02,-3.766834329558376453e+02,-4.408803253171953117e-13,7.042878001300839230e+01
5.390961006392176458e+00,7.864213860290922398e+00,8.134605834316334949e+02,-8.134605834316334949e+02,-2.329164339334816134e+02,8.872496383259957547e-13
5.340970739057759431e+00,1.891942272456779151e+00,7.192458609190157404e+02,-7.192458609190157404e+02,4.154335294724960949e-13,2.871241053392534468e+02
5.392398205130329636e+00,1.060822872095979807e+00,8.912900961920440750e+02,-8.912900961920440750e+02,-3.124875331505815979e+01,1.297441615561000128e-12
5.382125298000000058e+00,2.554410272000000148e+00,3.200426323174993399e+02,-3.200426323174993399e+02,-9.563592670278468790e-13,3.447658627040568291e+01
5.382125298000000058e+00,5.445589727999999852e+00,4.417068766789382153e+02,-4.417068766789382153e+02,-1.537814060839652227e-12,1.107374921584016647e+01
5.452950582207926722e+00,6.957731171338728871e+00,9.741939189290162631e+02,-9.741939189290162631e+02,-1.025683375260820185e+01,1.248669741407905721e-13
5.394641920541333846e+00,2.128165028683246085e+00,7.295117785390682457e+02,-7.295117785390682457e+02,-2.624495350254321805e-12,2.989560464749545190e+02
5.434304591199810019e+00,6.257592417903071969e+00,9.520858197891927830e+02,-9.520858197891927830e+02,8.569017311831851764e-13,2.724199501407133539e+02
5.441860858612269425e+00,1.998334878265808134e+00,8.839414207724325934e+02,-8.839414207724325934e+02,-1.283986828971327694e-12,3.119187170073229254e+02
5.290556397555739032e+00,7.560945703779275995e+00,7.627899443798576158e+02,-7.627899443798576158e+02,-2.071762000163373045e+02,1.767723366574360489e-12
5.469006763763924361e+00,6.769424489879794393e+00,9.892143980937248671e+02,-9.892143980937248671e+02,1.037941010659801116e-12,8.295848873177999394e+01
5.445589727999999852e+00,2.617874701999999942e+00,6.658965705098978560e+02,-6.658965705098978560e+02,2.655064997080796674e-12,9.690341227611867225e+00
5.445589727999999852e+00,5.382125298000000058e+00,7.087956175271442589e+02,-7.087956175271442589e+02,-1.177337049096942678e+01,-2.031833051779156830e-12
5.457863375120873606e+00,6.528317892533945788e+00,9.769358728662016347e+02,-9.769358728662016347e+02,9.331072270698925209e-16,1.840490293147016416e+02
5.436574911603149651e+00,7.977302673370354480e-01,9.346828778449287256e+02,-9.346828778449287256e+02,-1.159039026417746783e+02,-5.575111036839360424e-13
5.516171358802675506e+00,1.373901014435823242e+00,1.044394679329096334e+03,-1.044394679329096334e+03,3.091435965967573939e-12,1.011858846144026671e+02
5.466046727490077473e+00,2.242961516376226427e+00,8.326381313800528687e+02,-8.326381313800528687e+02,4.633398277997230628e-13,2.923023649099841919e+02
5.410968848784813545e+00,2.405046456478023398e+00,5.394213975283893205e+02,-5.394213975283893205e+02,9.225276023258114921e-13,1.800606912313424459e+02
5.410821903273286715e+00,6.407671989608272334e+00,9.099393970012267800e+02,-9.099393970012267800e+02,-5.645500460161093292e-13,2.228949425081781328e+02
5.664398203175291080e+00,7.760392333489348538e+00,1.137724668256129462e+03,-1.137724668256129462e+03,-1.767079005074585893e+02,2.001221290546951457e-12
5.499266997195172202e+00,2.530079870107543094e+00,8.002933228859711789e+02,-8.002933228859711789e+02,-4.758428480892551430e-13,9.827564202691687001e+01
5.511680313263331854e+00,2.115508519857758785e+00,9.983821408505532418e+02,-9.983821408505532418e+02,1.949485429918060282e-13,3.181366244764040516e+02
5.438842571031081263e+00,5.656536307283749565e+00,7.291116462412591090e+02,-7.291116462412591090e+02,-7.328195351758735381e-13,2.303551072269635824e+02
5.401428742067249544e+00,6.023507713556134346e-01,8.981804440632754449e+02,-8.981804440632754449e+02,-1.664345105000238618e+02,-1.579394263286322651e-12
5.535893900924887312e+00,6.420053083451779941e+00,1.097643079571478438e+03,-1.097643079571478438e+03,-7.319395749902317223e-13,2.339927116833106311e+02
5.506142932000000378e+00,2.684122547999999941e+00,9.893122655442762152e+02,-9.893122655442762152e+02,1.860253173065367618e-12,1.022632384148522533e+01
5.506142932000000378e+00,5.315877451999999614e+00,1.078281428105820396e+03,-1.078281428105820396e+03,-1.280230563309798925e-12,1.210485905917994387e+01
5.510302179661839439e+00,2.436058686854543964e+00,8.952622521390891279e+02,-8.952622521390891279e+02,4.624900385891340842e-14,2.085259143995565125e+02
5.524803962974877081e+00,6.657158867566489668e+00,1.067889881348270819e+03,-1.067889881348270819e+03,3.489832477277485912e-13,1.207500711633315404e+02
5.609334823631783706e+00,6.561392315835969491e+00,1.197010692365038039e+03,-1.197010692365038039e+03,-1.704424471816657542e-13,1.816111777250897035e+02
5.538461537999999962e+00,0.000000000000000000e+00,1.009671462727662174e+03,-1.009671462727662174e+03,-2.074043889939068208e+02,2.048506515913484520e-12
5.538461537999999962e+00,8.000000000000000000e+00,1.023385042360409216e+03,-1.023385042360409216e+03,-2.176456017202060593e+02,7.494914518152826895e-13
5.555246165653502821e+00,2.450817472599559732e+00,1.042821453077909155e+03,-1.042821453077909155e+03,1.406320893409162935e-12,2.344051175188485843e+02
5.635913884914097061e+00,8.599542037862518695e-01,1.148752275326105519e+03,-1.148752275326105519e+03,-1.152293185816264014e+02,2.488700811517420355e-13
5.563662964999999794e+00,2.753020396000000147e+00,1.483768854683652080e+03,-1.483768854683652080e+03,1.010853142447443452e-12,2.150624460109565916e+01
5.563662964999999794e+00,5.246979603999999853e+00,1.347573876695102626e+03,-1.347573876695102626e+03,-3.957580093992692127e+01,1.528315591059039877e-12
5.577252685606293170e+00,1.378366278406648049e-01,1.066842869340882999e+03,-1.066842869340882999e+03,-2.059054131692331282e+02,2.074752105123818258e-13
5.533602133665327827e+00,5.467254987638855646e+00,9.877991514053262563e+02,-9.877991514053262563e+02,4.262786157186555717e-14,8.591950282210861189e+01
5.709293083577477113e+00,1.120762284607278003e+00,1.278919531163393685e+03,-1.278919531163393685e+03,-7.485615006234027646e-01,3.360234293606152530e-12
5.576091648148505442e+00,2.357379964894269708e+00,1.152084422816377355e+03,-1.152084422816377355e+03,2.189868303235691516e-12,2.661150702394591576e+02
5.618033988999999728e+00,2.824429494999999957e+00,1.724727206513284273e+03,-1.724727206513284273e+03,-3.798978128134990584e+01,2.658210084145231186e-12
5.618033988999999728e+00,5.175570504999999599e+00,1.795693656084400118e+03,-1.795693656084400118e+03,-6.969183025844324675e+01,-2.495314209965158938e-12
5.660905596077059343e+00,6.446067594860364736e+00,1.291504389985733951e+03,-1.291504389985733951e+03,4.491150742632078708e-14,2.268288461241274376e+02
5.603709772899231112e+00,3.802616997460750436e-01,1.105653927118180945e+03,-1.105653927118180945e+03,-2.122023977417066760e+02,1.042063340597575095e-13
5.599111788538563061e+00,5.257509983883598359e+00,1.440878184962584328e+03,-1.440878184962584328e+03,-9.054160255952808711e+00,-1.439717845889981692e-12
5.645731555507522259e+00,2.646563131938413527e+00,1.443429807748490930e+03,-1.443429807748490930e+03,-3.707942885235931742e-13,5.950032311829005494e+01
5.643733114971817066e+00,6.321147245550354121e+00,1.280631437338813384e+03,-1.280631437338813384e+03,-8.776246415658684730e-13,2.722650260954599162e+02
5.653449265209109953e+00,2.822036268514662272e+00,1.811784166843964385e+03,-1.811784166843964385e+03,1.151372399801362494e-12,1.629157175328714402e+00
5.631340591481064806e+00,6.168737073012204419e+00,1.291472377117228916e+03,-1.291472377117228916e+03,1.194412655022614499e-12,3.044251903370096670e+02
5.497623055189667873e+00,1.812933249332774333e+00,1.031553606228599847e+03,-1.031553606228599847e+03,-1.722609806973500467e-12,2.669830455929358664e+02
5.561480024242483999e+00,6.606245275267010886e-01,1.067798427217884182e+03,-1.067798427217884182e+03,-1.715788254982533090e+02,-1.676911254200441210e-12
5.635740312186411138e+00,2.478772257665415424e+00,1.346483313470097073e+03,-1.346483313470097073e+03,-3.245783803154532633e-13,2.314631917893399304e+02
5.686256289730020619e+00,2.769794517792161237e+00,1.805675251374717845e+03,-1.805675251374717845e+03,-6.243899530146563848e+00,-5.789423080998525931e-13
5.799921120991546886e+00,1.388729986154762175e+00,1.433214562881187703e+03,-1.433214562881187703e+03,2.305508121637987071e-12,1.227670379849674163e+02
5.669146506999999779e+00,2.898206037000000013e+00,2.184660645604789352e+03,-2.184660645604789352e+03,-8.082041709844446586e+01,2.534767162828530947e-12
5.669146506999999779e+00,5.101793963000000431e+00,2.186427011191737620e+03,-2.186427011191737620e+03,-7.615553840551194753e+01,4.346488935264662417e-13
5.682462021710088074e+00,5.219302991623310461e+00,1.853077989012685066e+03,-1.853077989012685066e+03,-1.151581732990450746e+00,-1.470345823321405274e-12
5.654418190165709568e+00,1.617208350512536086e+00,1.279779159548035977e+03,-1.279779159548035977e+03,1.183075760055308918e-12,2.133719110780912160e+02
5.712110215745093811e+00,7.261743894419373291e+00,1.223616953289611047e+03,-1.223616953289611047e+03,-7.189514086731702491e+01,-6.679077271049960637e-13
5.648797282762580529e+00,7.920103115185695764e+00,1.146790168133901261e+03,-1.146790168133901261e+03,-1.878580557879025719e+02,-6.838485707498911277e-13
5.624812145267545027e+00,2.002233372939465905e+00,1.261149026114800108e+03,-1.261149026114800108e+03,-1.086950211353603654e-12,3.262617651613412590e+02
5.632092298544451481e+00,2.202878717365143402e+00,1.306722869301150695e+03,-1.306722869301150695e+03,2.483367314649326851e-12,3.322997665141648440e+02
5.625372418367921235e+00,5.329847446827842283e+00,1.422468574312254987e+03,-1.422468574312254987e+03,-1.529134894489090892e-12,3.616335797599913349e+01
5.676884487761613585e+00,1.818586509922735406e+00,1.354689635708017477e+03,-1.354689635708017477e+03,-1.593155524535215060e-12,2.839055916056278193e+02
5.730217349359179480e+00,2.864612086964758664e+00,2.247583210275510282e+03,-2.247583210275510282e+03,-5.762331082942745297e+01,-2.277936239572285782e-13
5.716897587000000058e+00,2.974201444999999833e+00,2.693806740002991319e+03,-2.693806740002991319e+03,-7.481619047333447270e+01,2.404983508673295803e-12
5.716897587000000058e+00,5.025798554999999723e+00,2.727808397309858719e+03,-2.727808397309858719e+03,-2.433180082398712329e+01,-1.089402575122978548e-12
5.651775857487230326e+00,2.300327295747788714e+00,1.334437040901551882e+03,-1.334437040901551882e+03,3.241928099027815408e-12,3.127163093307799500e+02
5.644297911769910137e+00,5.625581705725062776e+00,1.381548950436588484e+03,-1.381548950436588484e+03,-1.219454098571755303e-12,2.675440617462017485e+02
5.698354613741899222e+00,2.102517496389321394e+00,1.416782375123924794e+03,-1.416782375123924794e+03,1.265176870018214975e-12,3.668578720000925273e+02
5.719576962315337632e+00,6.783762235981193101e+00,1.305496831235222771e+03,-1.305496831235222771e+03,-8.367553958474013903e-13,9.672161846536941709e+01
5.730757878325931642e+00,6.596446915938558586e-01,1.233426866361274278e+03,-1.233426866361274278e+03,-1.752496122828572993e+02,-1.983997957858153675e-12
5.786847797948557748e+00,1.917051970704967800e+00,1.567608804003680689e+03,-1.567608804003680689e+03,-1.108015314903188970e-12,3.210279680179334036e+02
5.743589744000000330e+00,0.000000000000000000e+00,1.195328909593262097e+03,-1.195328909593262097e+03,-2.862174042259387647e+02,9.958522746850755621e-13
5.743589744000000330e+00,8.000000000000000000e+00,1.245079900373803639e+03,-1.245079900373803639e+03,-1.663083374777560834e+02,-1.314531527772664506e-12
5.689456964228019054e+00,5.503883387072066924e+00,1.602702732883500403e+03,-1.602702732883500403e+03,3.281678158229967215e-13,2.024372637908841170e+02
5.847295314708814473e+00,1.575919327892688404e+00,1.553184028397540260e+03,-1.553184028397540260e+03,5.667643037552724088e-13,2.158495305931694475e+02
5.747777339681457320e+00,2.339317382884108731e+00,1.618313666567137261e+03,-1.618313666567137261e+03,1.299890398717504177e-12,3.142022762387967987e+02
5.597055609276998744e+00,5.806834070449315099e+00,1.231210471661175006e+03,-1.231210471661175006e+03,-1.961678743652812397e-12,3.251498367811576600e+02
5.755665646706741967e+00,2.043831704936214688e+00,1.538275102559295647e+03,-1.538275102559295647e+03,-1.627496702697594704e-12,3.527192831752746542e+02
5.761191064000000139e+00,3.052262675000000147e+00,3.428619028377057475e+03,-3.428619028377057475e+03,-4.372376054370499787e+01,1.550879245423332377e-12
5.761191064000000139e+00,4.947737325000000297e+00,3.195802192571666637e+03,-3.195802192571666637e+03,-2.397113640716901516e-12,4.156946937046768653e+01
5.926914601766720025e+00,1.180071106263584468e+00,1.544501185286516375e+03,-1.544501185286516375e+03,8.251481750707327570e-13,2.734523177864251053e+01
5.782144540252114773e+00,2.158232779633463938e+00,1.638220580221489399e+03,-1.638220580221489399e+03,1.936246742645029169e-12,3.677194440828075699e+02
5.678929707447003317e+00,5.409313553747623793e+00,1.597084887013236994e+03,-1.597084887013236994e+03,1.702590739834555659e-12,1.349591637980435905e+02
5.758496908201491848e+00,6.394339628715963286e+00,1.435824119482648712e+03,-1.435824119482648712e+03,-2.623607490779596776e-12,2.491955926490498427e+02
5.716008707806690126e+00,5.712391284891428889e+00,1.553107444049270271e+03,-1.553107444049270271e+03,-8.791366107482114910e-13,3.654892773387475700e+02
5.761197810964163502e+00,5.997215326799284263e+00,1.548236355404425012e+03,-1.548236355404425012e+03,9.832227884721287865e-13,3.515588768352603779e+02
5.752378170347768105e+00,5.309937251666429603e+00,1.957444787536477861e+03,-1.957444787536477861e+03,1.642283718075277167e-12,7.399948172781830635e+01
5.739585584860670942e+00,5.651033063383395394e+00,1.687017838519054749e+03,-1.687017838519054749e+03,-8.145707858839890590e-13,3.490567918882272807e+02
5.801937736000000179e+00,3.132232521999999797e+00,3.482062936834075117e+03,-3.482062936834075117e+03,-9.048085196897096694e+01,-1.397513213652248867e-12
5.801937736000000179e+00,4.867767478000000203e+00,3.526302500613811389e+03,-3.526302500613811389e+03,-9.913284705951980413e+01,3.033683135803010143e-12
5.817311083228545954e+00,2.960745724184905558e+00,2.847877221586478299e+03,-2.847877221586478299e+03,-6.105686266477204072e+01,-1.898697252805785334e-13
5.758686244940705912e+00,6.534945821760501872e+00,1.405594766579112502e+03,-1.405594766579112502e+03,-1.526899213336983830e-12,1.989595925880425398e+02
5.802204770796220323e+00,5.684834598562448882e+00,1.755819653244133406e+03,-1.755819653244133406e+03,-1.673739916462633408e-12,3.845228237906741242e+02
5.796824191805816540e+00,5.581727559304415998e+00,1.831287296800888043e+03,-1.831287296800888043e+03,-3.268175983548842982e-12,2.985874125164548332e+02
5.943902240405044779e+00,1.490245763873913276e+00,1.679437197448892903e+03,-1.679437197448892903e+03,2.130036091386592768e-12,1.706866450906998978e+02
5.867289521405891328e+00,5.387337949138412130e-01,1.389422583638361630e+03,-1.389422583638361630e+03,-2.190547777843215727e+02,-8.228186270754560706e-13
5.822701989521057442e+00,1.738733950154431440e+00,1.570458707074985796e+03,-1.570458707074985796e+03,1.531463829974625032e-13,2.693678044638835445e+02
5.794463733903035596e+00,5.435833886300083684e+00,1.921585336019390979e+03,-1.921585336019390979e+03,1.132808293048591782e-13,2.087281752995970123e+02
5.791106226821515435e+00,2.546861469101018738e+00,1.855749083176080603e+03,-1.855749083176080603e+03,-1.194492415517437463e-13,2.227772635616066452e+02
5.918289618432918786e+00,6.596745630178911135e+00,1.608441549760816542e+03,-1.608441549760816542e+03,-2.234713659824210235e-13,1.847753966199158526e+02
5.887653062923063452e+00,6.429204320260873295e+00,1.616163076822017956e+03,-1.616163076822017956e+03,-2.335923131813023732e-13,2.431625890091614508e+02
5.806211979200931239e+00,4.992145665516128261e+00,3.013217320832781297e+03,-3.013217320832781297e+03,-5.439291576891992008e+01,-3.013687917123793678e-13
5.839055544999999903e+00,3.213949937000000201e+00,3.822030279823929959e+03,-3.822030279823929959e+03,-3.581478102857500592e-12,4.409240423376559193e+00
5.839055544999999903e+00,4.786050063000000243e+00,4.184893152779991397e+03,-4.184893152779991397e+03,-1.000456873546643237e+02,2.614309072150774225e-12
6.004740261831632786e+00,1.355360535442699188e+00,1.710389480538118733e+03,-1.710389480538118733e+03,-1.887649817220037809e-12,1.034608917148950411e+02
5.831060462793413279e+00,5.141213452667218853e+00,2.476675006647449663e+03,-2.476675006647449663e+03,-5.689880713999662021e+01,1.134790754703149724e-12
5.888074676871251079e+00,2.035080114345662938e+00,1.796848681343226872e+03,-1.796848681343226872e+03,-1.767666287396406692e-12,3.451941558895908884e+02
5.798180623328260452e+00,5.794247122132169636e+00,1.711348224624167869e+03,-1.711348224624167869e+03,-1.542373755792664206e-12,3.799810302086946763e+02
5.920200439956231797e+00,4.978198736161441929e+00,3.116901294178340322e+03,-3.116901294178340322e+03,-1.423757863740946732e+02,6.154699982774499934e-13
5.872469740999999743e+00,3.297250351999999829e+00,4.470953702689541387e+03,-4.470953702689541387e+03,-2.622536870441354040e+01,1.268883149558869327e-12
5.872469740999999743e+00,4.702749648000000171e+00,4.486491249984244860e+03,-4.486491249984244860e+03,-1.627790416386352490e+02,2.080498333950434221e-13
5.843397634684730946e+00,6.241792278379203474e+00,1.613227891515894044e+03,-1.613227891515894044e+03,-2.947497519773257247e-12,3.089672999350585769e+02
6.018173368305526516e+00,1.639011780723580003e+00,1.805909448688992597e+03,-1.805909448688992597e+03,-1.246129776693034679e-12,2.531084730456344687e+02
5.838430283938378373e+00,2.762386177169983803e+00,2.265392986636638398e+03,-2.265392986636638398e+03,-1.940874329935527071e-12,4.396979272126924343e+01
6.052259974326141823e+00,1.486352202106187237e+00,1.803743042217348830e+03,-1.803743042217348830e+03,-6.133304599825102250e-14,1.819080917649830837e+02
5.902113033000000009e+00,3.381966010999999828e+00,5.024184338818007745e+03,-5.024184338818007745e+03,-7.208847003417054111e+01,-5.015166922204325589e-13
5.902113033000000009e+00,4.618033988999999728e+00,5.220923586870504550e+03,-5.220923586870504550e+03,-1.859056058079096374e+02,-2.714273254934487948e-12
6.028915389723698226e+00,6.224924773111494503e+00,1.920712650603842576e+03,-1.920712650603842576e+03,-4.160953246020747713e-12,3.097375718636559441e+02
5.957180285629706695e+00,4.824327872683109142e+00,3.802026027797670849e+03,-3.802026027797670849e+03,-1.797344752975936899e+02,1.045274771544440650e-12
5.995965716205769347e+00,6.747651656098592632e+00,1.676261982346274635e+03,-1.676261982346274635e+03,-6.198011735895223724e-13,1.237466685602327061e+02
5.955592731387828742e+00,1.858262169159732302e+00,1.820851812355707807e+03,-1.820851812355707807e+03,-1.564959728489072381e-13,3.232995537658797502e+02
6.006695096334687456e+00,6.337424818274199900e+00,1.831470890438951301e+03,-1.831470890438951301e+03,-6.113458725237689576e-13,2.952196602103067562e+02
6.037648605049064088e+00,6.969820034094381889e+00,1.633105239550294527e+03,-1.633105239550294527e+03,-7.310538097993341403e-13,6.166392117856605637e+01
5.927925721000000259e+00,3.467926309000000096e+00,5.504515270212694304e+03,-5.504515270212694304e+03,-7.634482370386228922e+01,-3.267029805968712299e-12
5.927925721000000259e+00,4.532073690999999904e+00,5.394919665639794403e+03,-5.394919665639794403e+03,-2.131058283446762402e+02,-1.450155049858759438e-12
5.961957399788997414e+00,5.685343384784171228e+00,2.089631939395300833e+03,-2.089631939395300833e+03,-2.005578034558842304e-12,3.636123703175823039e+02
5.948717948999999727e+00,0.000000000000000000e+00,1.489255495359944234e+03,-1.489255495359944234e+03,-4.154032968791988196e+02,-6.415047277663625229e-13
5.948717948999999727e+00,8.000000000000000000e+00,1.495644107287310135e+03,-1.495644107287310135e+03,-1.486321619901991653e+02,-4.723008208091604200e-12
5.949855824000000126e+00,3.554958131999999882e+00,6.138466428416562849e+03,-6.138466428416562849e+03,-6.337728205638162886e-13,3.355645082121782252e+00
5.949855824000000126e+00,4.445041867999999674e+00,5.961769917693965908e+03,-5.961769917693965908e+03,-1.676289908996431564e+02,-5.453970174091949289e-13
5.952721055069392087e+00,5.879714987610589638e+00,1.950297379787789851e+03,-1.950297379787789851e+03,-1.082937611269258508e-12,3.763612553730079071e+02
5.915771716428456450e+00,2.802368420441833097e-01,1.399386926932991173e+03,-1.399386926932991173e+03,-3.198552142231660582e+02,4.083450322838472065e-13
5.967859177000000237e+00,3.642886209999999902e+00,6.336497094769621981e+03,-6.336497094769621981e+03,-1.632863401986391523e+02,1.748932168165267863e-12
5.967859177000000237e+00,4.357113789999999653e+00,6.237169899503303895e+03,-6.237169899503303895e+03,-1.804001865517933538e+02,1.972537132919034143e-12
6.125139592951004630e+00,1.536249610119964748e+00,1.889468193202126258e+03,-1.889468193202126258e+03,-8.505041431037744663e-13,2.378265477068365499e+02
5.981899524000000135e+00,3.731533467999999854e+00,6.586947828586296964e+03,-6.586947828586296964e+03,-2.756485508961914093e+02,-4.793279103438059726e-12
5.981899524000000135e+00,4.268466531999999702e+00,6.979033215653098523e+03,-6.979033215653098523e+03,-5.660642823663800982e+01,-2.804664007293286371e-12
5.991948587999999631e+00,3.820721381999999888e+00,6.916324996734245360e+03,-6.916324996734245360e+03,-1.631837021018598648e+02,-2.268285135380935978e-12
5.991948587999999631e+00,4.179278617999999668e+00,6.783794952943462704e+03,-6.783794952943462704e+03,-2.325196622185475235e+02,-1.539915608893890224e-12
5.985680550502123332e+00,3.393111493762088759e+00,4.785795743661656161e+03,-4.785795743661656161e+03,-1.867762870890464342e+02,-6.349761398068970485e-13
6.032629813065669921e+00,6.063395563482258055e+00,1.961647196910876573e+03,-1.961647196910876573e+03,-1.283836122847043236e-12,3.597469953373897056e+02
5.942229055497610268e+00,2.444695609032303096e+00,2.141239731325129469e+03,-2.141239731325129469e+03,-2.340065729077015417e-12,3.274159972038939941e+02
5.997986133000000386e+00,3.910270339000000206e+00,6.374503924045664462e+03,-6.374503924045664462e+03,-3.709642787626902987e+02,-1.054824387247645341e-12
5.997986133000000386e+00,4.089729660999999794e+00,7.113110758005794196e+03,-7.113110758005794196e+03,-1.386181381547304454e+02,-5.818121860915690751e-14
6.000000000000000000e+00,4.000000000000000000e+00,6.520592956305260486e+03,-6.520592956305260486e+03,-5.269291807469747937e+02,-2.321605204581674144e-12
5.972964843674772872e+00,2.221646954430053444e+00,2.036479114199235482e+03,-2.036479114199235482e+03,6.866850230504390281e-13,3.667930476585279393e+02
5.937740602102367760e+00,2.607697820448970916e+00,2.290142321305413589e+03,-2.290142321305413589e+03,-1.680459270834491582e-12,2.601507184469438698e+02
5.902779261841856417e+00,5.324266521304284794e+00,2.329544070839545839e+03,-2.329544070839545839e+03,3.153075586367930537e-13,1.541756876446853823e+02
6.049812405985402819e+00,4.290116539218083780e+00,6.131487648926688053e+03,-6.131487648926688053e+03,-3.056555601780955840e+02,-4.582712777981142726e-13
5.982238951220805845e+00,3.241497602554325841e+00,4.013431501515849050e+03,-4.013431501515849050e+03,-1.892517732681670282e+02,1.697827331513335776e-13
6.044479472230553263e+00,2.723121293420785349e+00,2.725775096871203459e+03,-2.725775096871203459e+03,-1.270273707738642897e-12,1.645316409361572880e+02
6.100692261524653937e+00,5.154584538920239378e-01,1.593768064978572056e+03,-1.593768064978572056e+03,-2.721125185620036291e+02,3.631000572134967563e-14
5.987888723745680153e+00,4.606290713350340127e+00,4.899268969799040860e+03,-4.899268969799040860e+03,-2.697948847383576663e+02,-1.132596214578281470e-12
6.022681542914639863e+00,3.333251603524280515e+00,4.293299535259118784e+03,-4.293299535259118784e+03,-1.831706011917599710e+02,-1.845607393757895938e-12
6.042977863274387573e+00,6.471690362488859982e+00,1.819015829306445994e+03,-1.819015829306445994e+03,1.077004606278257213e-12,2.419735562315773905e+02
6.172418285263051807e+00,1.405043085492622579e+00,1.932278535467284655e+03,-1.932278535467284655e+03,3.987560340994628685e-13,1.403766331798417184e+02
6.070306385833630358e+00,5.921567009163193340e+00,2.056098868218472489e+03,-2.056098868218472489e+03,1.549911069295580966e-12,4.014741637018964866e+02
6.077614509982683266e+00,4.453568515805257810e+00,5.164407796606077682e+03,-5.164407796606077682e+03,-3.966942452992252583e+02,1.099627718164504055e-13
5.947669230472555135e+00,5.486185308713801057e+00,2.256425106306115595e+03,-2.256425106306115595e+03,-1.407522920924329980e-12,2.847754840204425477e+02
6.032224545003206373e+00,5.096539902808088662e+00,2.991056851585578443e+03,-2.991056851585578443e+03,-5.848194835319304730e+00,-5.729790801006301385e-13
5.992252207374413331e+00,3.536408644746189989e+00,5.675937140825097231e+03,-5.675937140825097231e+03,-1.391764689256673933e+02,-9.496391060395862040e-13
5.998319535840926697e+00,5.222971349639582428e+00,2.684953737098629063e+03,-2.684953737098629063e+03,6.614006491802726569e-13,9.489027932741984728e+01
6.059169200905498265e+00,4.126360204380771890e+00,6.608377240185172923e+03,-6.608377240185172923e+03,-3.511123894553694527e+02,2.708391015376282597e-13
6.126630432970245899e+00,6.373335789438107746e+00,1.952584941257795208e+03,-1.952584941257795208e+03,-2.497125987879254626e-12,2.864074067344338346e+02
6.080406485096460756e+00,3.756242445645047834e+00,5.969001082027310986e+03,-5.969001082027310986e+03,-4.048485980174490919e+02,-3.423122245104813944e-12
6.073455986415095431e+00,2.559966232294841770e+00,2.546194731086276533e+03,-2.546194731086276533e+03,-1.734740999203647526e-12,2.882219511814759585e+02
6.113709913966653531e+00,6.285203307539522832e+00,1.976064036236587526e+03,-1.976064036236587526e+03,-2.720512189703056356e-12,2.947948834309826225e+02
6.260229151571485851e+00,1.610031807530548420e+00,2.094933908000170504e+03,-2.094933908000170504e+03,7.173099875024710333e-13,2.409761136601268277e+02
6.036533336993670673e+00,3.638090903601747694e+00,5.889905995736931800e+03,-5.889905995736931800e+03,-3.175242212832814630e+02,-2.507563412287511337e-12
6.052490918089015182e+00,4.076895455112971689e+00,6.911835128434167927e+03,-6.911835128434167927e+03,-4.192917295820842583e+02,-1.117450078541027414e-12
6.100614174636638687e+00,4.194346769734092817e+00,5.785652542055931917e+03,-5.785652542055931917e+03,-5.689301736754571266e+02,-2.488275395445362749e-12
6.077928258979429899e+00,2.006405696799910210e+00,2.081895955020462225e+03,-2.081895955020462225e+03,-1.868252033237199642e-12,3.640775264504652569e+02
6.094946254686798959e+00,5.817545963067245474e+00,2.197491405174820102e+03,-2.197491405174820102e+03,-1.008367724091083980e-12,3.980761892798170152e+02
5.986545349129347215e+00,8.554507104941507789e-01,1.553576929724167712e+03,-1.553576929724167712e+03,-1.268503022859224671e+02,-2.476234586179102083e-13
6.150896286752122855e+00,6.198050669047407979e+00,2.069850572878772255e+03,-2.069850572878772255e+03,-3.136451578802145914e-12,3.236465916449845963e+02
6.085581319632877850e+00,3.521307893675677203e+00,5.053521506678058358e+03,-5.053521506678058358e+03,-4.271442495457399673e+02,-2.213402340186677355e-12
6.093251327197513945e+00,4.947099536225253225e+00,3.363820727141207499e+03,-3.363820727141207499e+03,-1.161416965790350133e+02,-3.703276708060255958e-12
6.143065925871504795e+00,1.807286367500569257e+00,2.053012518963259936e+03,-2.053012518963259936e+03,1.389676530342298735e-13,3.102996319812402817e+02
6.243370899929281848e+00,2.173136091584904506e+00,2.404320820238812303e+03,-2.404320820238812303e+03,7.371885323856587726e-13,3.828991445971467442e+02
6.170988921131382199e+00,4.190891990060478633e+00,5.126038626635909168e+03,-5.126038626635909168e+03,-7.325176645167226752e+02,1.288290908981854824e-13
6.178986104162341952e+00,4.287692956779816100e+00,5.050766066538497398e+03,-5.050766066538497398e+03,-6.948093241813427312e+02,-7.973767023110843638e-13
6.055404489298132020e+00,2.978440108101957140e+00,3.126903272197957449e+03,-3.126903272197957449e+03,-7.519943907192251231e+01,-1.361343401303211824e-13
6.094240962963721309e+00,5.349641633571699195e+00,2.658085910049688209e+03,-2.658085910049688209e+03,-5.003997280177114337e-14,2.285424042830870803e+02
6.214241112190787675e+00,6.480116189521930359e+00,2.001662990858564626e+03,-2.001662990858564626e+03,-2.120541111702212174e-12,2.353168306528060896e+02
5.956625303822742801e+00,7.866336278251331748e+00,1.466930053866538401e+03,-1.466930053866538401e+03,-1.437488718994175656e+02,7.338667715110922410e-14
6.111082084845804729e+00,3.639913945939985407e+00,5.311448469601506076e+03,-5.311448469601506076e+03,-5.581215137197218610e+02,-1.906120247921488691e-12
6.152804313431218475e+00,4.091369747740476903e+00,5.583920637869001439e+03,-5.583920637869001439e+03,-6.894179646580747658e+02,-2.133385162060779509e-14
6.203242904129321111e+00,5.926343236538889059e+00,2.255970071586442828e+03,-2.255970071586442828e+03,1.016093757881733829e-12,3.946624936517874858e+02
6.019779609061352232e+00,4.707565017724696155e+00,4.238645173387061732e+03,-4.238645173387061732e+03,-2.530806380526329349e+02,9.224546515904756902e-13
6.132630481135013412e+00,5.203225342606878634e+00,2.907345929230908951e+03,-2.907345929230908951e+03,-5.766106600012172046e-13,1.629642997467601049e+02
6.136345701863781699e+00,1.174985412882328939e+00,1.795122713948990622e+03,-1.795122713948990622e+03,-5.528070556012983077e-13,2.391228980194544818e+01
6.137804475128947779e+00,5.540695209428946555e+00,2.504195541381743169e+03,-2.504195541381743169e+03,-1.516777783269861820e-12,3.350775880444838322e+02
6.034543569000391905e+00,7.610441016951109638e+00,1.523814135445755710e+03,-1.523814135445755710e+03,-9.569161171010139810e+01,1.879414379464979247e-13
6.219274651667513254e+00,5.086411316905842916e+00,3.170939063385133522e+03,-3.170939063385133522e+03,-1.409275534688543029e-12,5.913296284476925280e+01
6.107323215545185313e+00,6.614964265752582229e+00,1.849190833008066647e+03,-1.849190833008066647e+03,-5.460402895836568843e-13,1.848472627840245366e+02
6.194865563702118827e+00,7.827419195682276509e+00,1.675829665379938433e+03,-1.675829665379938433e+03,-9.849914102231068114e+01,-9.211291310485322830e-13
6.153846154000000013e+00,0.000000000000000000e+00,1.676217564396509260e+03,-1.676217564396509260e+03,-5.028397081196408180e+02,1.116983587319652012e-12
6.153846154000000013e+00,8.000000000000000000e+00,1.591530591504305448e+03,-1.591530591504305448e+03,-1.294072493951068168e+02,-2.482079731153055794e-12
6.154086804655295673e+00,4.780666541060583974e+00,3.827617333584465086e+03,-3.827617333584465086e+03,-2.812147854638935200e+02,-4.925074704667887656e-13
6.100085580217452730e+00,3.364942981125651933e+00,4.348250289684308882e+03,-4.348250289684308882e+03,-3.850925410402602438e+02,2.911095440733789476e-13
6.220691921400462121e+00,6.203387847992257065e+00,2.212486757942859185e+03,-2.212486757942859185e+03,-6.338067457494972272e-13,3.354692285905391600e+02
6.267676465513702944e+00,1.937835273687767979e+00,2.279501135980854542e+03,-2.279501135980854542e+03,4.364998834592782371e-13,3.379375337189578659e+02
6.127601822922098762e+00,4.623560803210214232e+00,4.305067605646068841e+03,-4.305067605646068841e+03,-3.766704965175287043e+02,1.317403214485935501e-12
6.254773778922632310e+00,6.119257136855509316e+00,2.223675733319118535e+03,-2.223675733319118535e+03,-1.342203351324636644e-12,3.521495629849668489e+02
6.180984869401813242e+00,3.692586155123810610e+00,4.889853704182221918e+03,-4.889853704182221918e+03,-6.426264554134043010e+02,-1.229560380612203642e-12
6.131985839042552122e+00,2.390127749133760027e+00,2.422942675040046197e+03,-2.422942675040046197e+03,-1.684531181171839477e-12,3.584978470862486120e+02
6.282451219170917867e+00,1.786106930437283413e+00,2.212273037542272505e+03,-2.212273037542272505e+03,1.330928001301377571e-12,2.841079405329062411e+02
6.171721715256187402e+00,3.590933072054386166e+00,4.790061643972394450e+03,-4.790061643972394450e+03,-5.896989875777205725e+02,-1.698699178823385049e-12
6.216163918977751557e+00,5.794500531933936216e+00,2.390552064115585836e+03,-2.390552064115585836e+03,1.364090904370209657e-12,3.835513281795044804e+02
6.271051492486422241e+00,9.873959875256184127e-01,1.960182107709910042e+03,-1.960182107709910042e+03,-4.479087690374170450e+01,-1.224055626646982672e-12
6.251577181258922700e+00,4.189767130526193206e+00,4.739620788898628234e+03,-4.739620788898628234e+03,-8.113301272915222171e+02,1.334144822745074314e-12
6.276333568961845799e+00,6.620848139187806680e+00,2.003506346514507186e+03,-2.003506346514507186e+03,-1.610634290190076600e-12,1.941863535905910112e+02
6.267459222799882212e+00,5.729744709925499890e+00,2.501645644131658628e+03,-2.501645644131658628e+03,1.013853270864927388e-12,3.715162342864961147e+02
6.258322341741157757e+00,6.293542947896454187e+00,2.138422808276898650e+03,-2.138422808276898650e+03,-1.242229802359324220e-12,3.024991105741581805e+02
6.168770330398957391e+00,5.698746409759525733e+00,2.388322874782026247e+03,-2.388322874782026247e+03,-4.613050937765768884e-13,3.806510514433547314e+02
6.361804683865447174e+00,1.734663537236472264e+00,2.273717966556517240e+03,-2.273717966556517240e+03,-1.252084446244019010e-12,2.400717777239450186e+02
6.161442170842147625e+00,2.651948196501211719e+00,2.757910750666115291e+03,-2.757910750666115291e+03,-6.017894532804249256e-13,2.412557652762569944e+02
6.223896162642250651e+00,5.271005232022605291e+00,2.925447387389493088e+03,-2.925447387389493088e+03,4.100633783417795855e-13,2.116899507050619889e+02
6.337904418995610634e+00,5.625378080270656334e+00,2.620200194276008006e+03,-2.620200194276008006e+03,-4.264714987075553919e-13,3.618485813156406721e+02
6.349726337918013108e+00,5.800859023173317475e+00,2.528340766993782381e+03,-2.528340766993782381e+03,2.752869733358105141e-12,3.701688810902682008e+02
6.319328946170855943e+00,5.399324808730672665e+00,2.819069831668706684e+03,-2.819069831668706684e+03,-2.466207464326503245e-12,2.860495714005822947e+02
6.382673811508484896e+00,1.835792949206799252e+00,2.365675832761750826e+03,-2.365675832761750826e+03,-4.839010675678268041e-14,3.021341427859637179e+02
6.277726101113845658e+00,4.916156859386312306e+00,3.455910875543931070e+03,-3.455910875543931070e+03,-1.040491203402614531e+02,-5.893403623901294709e-13
6.231286244024046184e+00,2.453265433817826413e-01,1.698041897983618128e+03,-1.698041897983618128e+03,-4.051969035053234620e+02,-4.309469178481476417e-13
6.180635938987183664e+00,3.218322759682141765e+00,3.693919241046471143e+03,-3.693919241046471143e+03,-2.622542462483103805e+02,1.612278899779364964e-12
6.229933090732261647e+00,5.192710327380456015e+00,3.106075450975691638e+03,-3.106075450975691638e+03,-4.284027024693198359e-13,1.487206245766853669e+02
6.245201925085439143e+00,4.530702088366665770e+00,4.234711260364341797e+03,-4.234711260364341797e+03,-4.961371620953335082e+02,7.605710457560543051e-13
6.262278281036113725e+00,3.860219266172300490e+00,4.825001778538009603e+03,-4.825001778538009603e+03,-7.054182805732319821e+02,-1.369974109532976065e-12
6.201510078972071405e+00,2.776832375097960881e+00,2.936236555888762268e+03,-2.936236555888762268e+03,1.541145809546377702e-12,1.816130905264362809e+02
6.224477362999998320e+00,2.540081476423674101e+00,2.682205179668046185e+03,-2.682205179668046185e+03,-2.625616254326918201e-13,3.173762052066051638e+02
6.337630629338170785e+00,2.398250373795388413e+00,2.659827627913335618e+03,-2.659827627913335618e+03,4.828294042770314959e-13,3.721473428044827756e+02
6.209312981666034403e+00,7.286848935488857926e+00,1.785859157984534249e+03,-1.785859157984534249e+03,-5.472783014771652077e+00,-6.698258526501479560e-13
6.201490218163333346e+00,3.485202859676428844e+00,4.415827077694627405e+03,-4.415827077694627405e+03,-5.471976201162246980e+02,-2.633816387049892188e-13
6.384184487121741469e+00,8.509783444970038524e-02,1.784372547775224348e+03,-1.784372547775224348e+03,-4.867454933988071275e+02,5.444509958451159484e-13
6.264552735809599149e+00,2.658242878495145511e+00,2.847745372145181136e+03,-2.847745372145181136e+03,-2.329685738923259468e-13,2.716921477453077500e+02
6.281532296535033311e+00,4.662084204469853610e+00,3.877672205854797085e+03,-3.877672205854797085e+03,-3.873722144475721052e+02,2.739163517321170725e-12
6.263663119061026130e+00,4.408989502400895155e+00,4.431681671712218304e+03,-4.431681671712218304e+03,-6.372378448312221053e+02,5.435089907066200642e-13
6.342676448410292878e+00,4.190576759940327634e+00,4.355192195060970334e+03,-4.355192195060970334e+03,-8.497378178504777679e+02,-4.511857059248740594e-13
6.325311065421388435e+00,4.091829921142213777e+00,4.491448382372934248e+03,-4.491448382372934248e+03,-8.456740918679405468e+02,2.662026519322806648e-13
6.198879633833951353e+00,6.774339093564782921e+00,1.877261535474108769e+03,-1.877261535474108769e+03,1.027274936214745047e-12,1.282406803682285101e+02
6.356971246930197772e+00,2.741165049452665148e+00,3.016170847685950321e+03,-3.016170847685950321e+03,2.772490910224942875e-12,2.222324555108405661e+02
6.305446178215996511e+00,3.082931482388107991e+00,3.440609305928478534e+03,-3.440609305928478534e+03,-6.592211867842755169e+01,6.944770015361872566e-13
6.322589373338169949e+00,4.783303816188923641e+00,3.615861007088221413e+03,-3.615861007088221413e+03,-2.387921386971624429e+02,1.923738879858018608e-12
6.328594182526216194e+00,4.478546289683408510e+00,4.135082832930630502e+03,-4.135082832930630502e+03,-5.876035365257693002e+02,-5.995581994918266524e-14
6.459310314979957113e+00,1.260823538239694619e+00,2.184629946883663251e+03,-2.184629946883663251e+03,1.503009799689518646e-12,8.142937124715331265e+01
6.358974359000000298e+00,0.000000000000000000e+00,1.729707124920355909e+03,-1.729707124920355909e+03,-5.152398202287050708e+02,3.947254087100832954e-12
6.358974359000000298e+00,8.000000000000000000e+00,1.843103423837700575e+03,-1.843103423837700575e+03,-8.330928110344486015e+01,-3.952621956463975623e-13
6.345575737801005367e+00,5.210089618584667015e+00,3.045685462846451628e+03,-3.045685462846451628e+03,1.805662759547304468e-12,1.873646007068027473e+02
6.327429166054479026e+00,2.906650433090848917e+00,3.150069984285639748e+03,-3.150069984285639748e+03,1.472693883012093904e-12,9.892209308703067450e+01
6.242162804138736476e+00,3.361242141751601853e+00,3.981553775729546487e+03,-3.981553775729546487e+03,-4.101874277633008887e+02,1.663553745563207423e-12
6.338767731117139093e+00,4.285455608107605840e+00,4.232347535923613577e+03,-4.232347535923613577e+03,-7.696060117086952914e+02,6.161343636715353513e-13
6.392715539606951936e+00,4.556707301307843849e+00,3.803523296222299905e+03,-3.803523296222299905e+03,-4.912834047898919607e+02,-1.564010609520183895e-12
6.329914430142665083e+00,3.456938443333858135e+00,3.949810727359054908e+03,-3.949810727359054908e+03,-4.988955704389125572e+02,1.628422639092113814e-12
6.379751035792543767e+00,2.579673262755981078e+00,2.860858290002403919e+03,-2.860858290002403919e+03,2.341837693591239208e-12,3.175000623490173552e+02
6.391862951046535457e+00,6.966005093498909950e+00,2.011243738225067773e+03,-2.011243738225067773e+03,1.480948196858446022e-12,9.519155700391270614e+01
6.408732486212207924e+00,5.968512441505281707e+00,2.436560888131629781e+03,-2.436560888131629781e+03,8.529619048729026302e-13,3.603054342087412465e+02
6.500643516081784590e+00,5.845825908306972352e+00,2.598863379818122667e+03,-2.598863379818122667e+03,1.744229481331395334e-12,3.668469587180215399e+02
6.524388948552949152e+00,1.702884180089869082e+00,2.407631302619408416e+03,-2.407631302619408416e+03,1.842584679460331017e-12,2.515914698501087230e+02
6.279246140712374746e+00,3.615094968356917349e+00,4.376206852481584974e+03,-4.376206852481584974e+03,-6.649628900952317281e+02,-1.124838466838474064e-12
6.425979965724677889e+00,5.038711700050926723e+00,3.264056302249804503e+03,-3.264056302249804503e+03,5.790172894983148184e-13,5.400548394580102496e+01
6.518987693758198532e+00,5.716655972878938563e+00,2.690777097894705548e+03,-2.690777097894705548e+03,-5.219224258193104292e-13,3.674468677745556988e+02
6.455126482212393491e+00,4.194600775845956697e+00,3.941076713657840628e+03,-3.941076713657840628e+03,-7.679070077002475045e+02,1.008743281060271987e-12
6.452835527480506705e+00,4.860190451261190425e+00,3.421945618129509057e+03,-3.421945618129509057e+03,-1.150468208308786018e+02,-6.422776424815537894e-13
6.594731060698692637e+00,5.807001073575472461e+00,2.640768744524159956e+03,-2.640768744524159956e+03,-2.817298125236370343e-12,3.917699841527185640e+02
6.441895900141428655e+00,2.477249175757905153e+00,2.812389874407846946e+03,-2.812389874407846946e+03,1.837544453628262571e-12,3.548906173892646621e+02
6.386581975037154635e+00,6.728205761312741728e+00,2.089598880845560871e+03,-2.089598880845560871e+03,-5.262666380452473451e-13,1.579817677189867595e+02
6.413136000204325171e+00,4.417153582026172920e+00,3.908636504528403748e+03,-3.908636504528403748e+03,-6.534738612479477524e+02,-1.257823266594603861e-12
6.487445562271396682e+00,4.023556783999795883e+00,3.894123932355234047e+03,-3.894123932355234047e+03,-8.216202937802715951e+02,3.560322366948117468e-13
6.480665092134212379e+00,2.829006504306325720e+00,3.097079772414719173e+03,-3.097079772414719173e+03,7.321293752267751941e-13,1.936345536933408198e+02
6.466467347473051852e+00,4.308269370676453214e+00,3.815102257375986483e+03,-3.815102257375986483e+03,-7.019853138446446792e+02,-4.457118601001123503e-13
6.512152133006694044e+00,5.175820747714643844e+00,3.128464713443659093e+03,-3.128464713443659093e+03,2.651589432541834265e-12,1.684657018923546445e+02
6.634853960706402098e+00,5.936744268245525369e+00,2.610646209017106230e+03,-2.610646209017106230e+03,-2.251411714204806495e-12,3.440141279161197758e+02
6.400259532698906462e+00,3.667797373652049053e+00,4.044990834728371738e+03,-4.044990834728371738e+03,-7.093206676989065045e+02,-2.896047608077316285e-12
6.491865722548967987e+00,5.306370174805095097e+00,2.985599155042012171e+03,-2.985599155042012171e+03,-1.720257810248491650e-13,2.594226311244524936e+02
6.489449041923035288e+00,2.694991805139155261e+00,2.992856604271001743e+03,-2.992856604271001743e+03,8.684443413900618575e-13,2.676503624480557164e+02
6.407790214423938480e+00,3.550990807914117031e+00,3.862533603890613449e+03,-3.862533603890613449e+03,-5.842461617354169903e+02,-5.383074787110279807e-14
6.438714905087152829e+00,2.239937128566097613e+00,2.619384358824738229e+03,-2.619384358824738229e+03,1.459499274155981715e-12,3.811390177873684024e+02
6.506138186811978308e+00,2.384152220165756564e+00,2.775772868483881211e+03,-2.775772868483881211e+03,-7.648841411588233463e-13,3.618693569259295941e+02
6.513446169701574640e+00,6.183021721620014510e+00,2.421212376205216515e+03,-2.421212376205216515e+03,2.571628705528307311e-13,3.077302197042243961e+02
6.477053042376329728e+00,6.507822151950513501e+00,2.246119755359402006e+03,-2.246119755359402006e+03,-6.375783303882065857e-13,2.216965397886641256e+02
6.480119167725328921e+00,2.012989495249526417e+00,2.513785449698534194e+03,-2.513785449698534194e+03,2.854629082058449899e-12,3.522702245144491258e+02
6.472483233209333164e+00,3.745636219077029150e+00,3.828285614523867480e+03,-3.828285614523867480e+03,-7.764694922451631101e+02,-2.567541013148320538e-12
6.398611471858851374e+00,3.280101123127556750e+00,3.600905341935738306e+03,-3.600905341935738306e+03,-2.675329535506295429e+02,8.719910858388740339e-13
6.533171640728657081e+00,4.509206606534593043e+00,3.559743635075635666e+03,-3.559743635075635666e+03,-4.959284566965916952e+02,-4.990429038591339228e-13
6.470572297110985360e+00,7.660534159828364942e+00,1.991400269859314449e+03,-1.991400269859314449e+03,-4.792792931249741173e+01,-1.832825382190443304e-12
6.622704912342733508e+00,5.069328847242269731e+00,3.139003286350077360e+03,-3.139003286350077360e+03,2.607388200251198486e-13,9.455882714239405118e+01
6.545671594208978483e+00,2.545253207784302418e+00,2.895027819841304336e+03,-2.895027819841304336e+03,4.640216836406643920e-13,3.275287012488008145e+02
6.548402738750040974e+00,2.766275953496137863e+00,3.052934332564417218e+03,-3.052934332564417218e+03,-1.153978509391722482e-12,2.393676698713157123e+02
6.447870281517410262e+00,4.696795507943845038e+00,3.562281608430850156e+03,-3.562281608430850156e+03,-2.961642194914081188e+02,2.868329340132292857e-12
6.554558703624621785e+00,4.952313375651828053e+00,3.279336603287787966e+03,-3.279336603287787966e+03,-8.121924344169489274e+00,-1.991316822207596000e-12
6.507957393919634903e+00,3.866758755640302248e+00,3.789397588941661525e+03,-3.789397588941661525e+03,-7.970322642482150286e+02,-1.499774282859037572e-12
6.607914050413020490e+00,5.492221486225238536e+00,2.861083105528819942e+03,-2.861083105528819942e+03,-2.465578802545244838e-13,3.188038571853600729e+02
6.590984433881896365e+00,6.773098848360556978e+00,2.265562743926646363e+03,-2.265562743926646363e+03,-3.733263786047330645e-13,1.413431574721753634e+02
6.500419236602535733e+00,4.601285765622705526e+00,3.564520606613561540e+03,-3.564520606613561540e+03,-3.878078300804581886e+02,-1.245894645254462315e-12
6.565575608253953810e+00,3.030302692322535130e+00,3.241596526881948193e+03,-3.241596526881948193e+03,1.206240616642448279e-12,3.071168174751659308e+01
6.627034780932421931e+00,2.706855392945461514e+00,3.013962029515296308e+03,-3.013962029515296308e+03,-9.732638671031832100e-13,2.596235952904824558e+02
6.564102563999999695e+00,0.000000000000000000e+00,1.948748251226171760e+03,-1.948748251226171760e+03,-5.651922444738908098e+02,-2.498502027534840829e-13
6.564102563999999695e+00,8.000000000000000000e+00,2.110348249572342866e+03,-2.110348249572342866e+03,-5.667603112179739355e+01,1.671344861989772294e-13
6.628731097534946493e+00,2.228243419147672100e+00,2.739235450066424164e+03,-2.739235450066424164e+03,5.384702157937066262e-13,3.500540550698836455e+02
6.557881551104253859e+00,4.771158906045238624e+00,3.382528617573952943e+03,-3.382528617573952943e+03,-1.773963521160055166e+02,2.568274117611468762e-12
6.585481380937690865e+00,4.861910224313200857e+00,3.288868729185258417e+03,-3.288868729185258417e+03,-8.772027208861982217e+01,-3.338696007423143873e-12
6.450019475831936688e+00,3.448033156174122205e+00,3.661600924916207987e+03,-3.661600924916207987e+03,-4.616122235877513162e+02,1.196107628392816872e-12
6.597552862210374514e+00,2.833236667840220324e+00,3.116071103912567651e+03,-3.116071103912567651e+03,-2.325979857268270914e-12,2.030418232779665004e+02
6.556447925079614159e+00,4.271522903127988435e+00,3.568462081438896348e+03,-3.568462081438896348e+03,-6.873268231373356230e+02,-5.945016688741648337e-13
6.569154230360636504e+00,4.371630553552243725e+00,3.520540620297962960e+03,-3.520540620297962960e+03,-6.212087183300086508e+02,-7.253215622498599330e-15
6.534363816441853601e+00,3.385005069177105863e+00,3.494756643907910984e+03,-3.494756643907910984e+03,-3.512674868596682813e+02,1.192799654178145341e-12
6.612483969235002590e+00,3.766317618427513558e+00,3.497494608690372843e+03,-3.497494608690372843e+03,-6.810580638750118396e+02,-1.758403092744612077e-12
6.727521996546178329e+00,5.729206993048886254e+00,2.752525860930068575e+03,-2.752525860930068575e+03,-1.956135951236801692e-12,3.427344949118704562e+02
6.622797600982178068e+00,4.292381060150893823e+00,3.412270559611135468e+03,-3.412270559611135468e+03,-6.750563845686790501e+02,-1.429945092706227895e-12
6.646810203597981470e+00,2.413171947644028315e+00,2.855151575543442959e+03,-2.855151575543442959e+03,-3.859559325661718821e-12,3.495524081399114493e+02
6.696893509705629910e+00,4.335824242969700038e+00,3.302011752555570183e+03,-3.302011752555570183e+03,-5.783811345418166638e+02,-1.388218035762408566e-12
6.669008251163159429e+00,4.189686361388622160e+00,3.362344202165333627e+03,-3.362344202165333627e+03,-6.811870892766734187e+02,-1.971474962641166284e-12
6.705080096171173842e+00,3.937184228921505991e+00,3.316685963145255755e+03,-3.316685963145255755e+03,-6.837582033577099310e+02,-1.350551095153453436e-12
6.677945915629804219e+00,2.792465655230327304e+00,3.073562242648004940e+03,-3.073562242648004940e+03,-1.335772476783163190e-12,2.214871886116312680e+02
6.628634192535386660e+00,4.641690840889646452e+00,3.362429971192632365e+03,-3.362429971192632365e+03,-2.964149833987557940e+02,6.819292565475799198e-13
6.580989090491724092e+00,3.256656105607041773e+00,3.343470024957924579e+03,-3.343470024957924579e+03,-1.850813505891145496e+02,2.210840015339852311e-12
6.677389678830574660e+00,5.254241449578894496e+00,3.007726170767366511e+03,-3.007726170767366511e+03,8.009194454707535423e-13,2.113398378943564921e+02
6.816459805745756384e+00,5.566623298058376079e+00,2.856236715030422147e+03,-2.856236715030422147e+03,-7.515014362917233857e-13,3.085189454693650077e+02
6.610388432461316910e+00,7.253520384628949103e+00,2.191383816067879707e+03,-2.191383816067879707e+03,1.016809308919183791e-12,1.923580167606382219e+01
6.662919729648059786e+00,3.373071941149187403e+00,3.308920483782308111e+03,-3.308920483782308111e+03,-2.767142157072730129e+02,3.792164014036700199e-12
6.761864979775812579e+00,7.827830229214319147e+00,2.300441350586668250e+03,-2.300441350586668250e+03,-4.868780363667731592e+01,4.328157602868272236e-13
6.695831046412042298e+00,4.465594268800352040e+00,3.289093279467069806e+03,-3.289093279467069806e+03,-4.591926937576840828e+02,-1.023709569084588944e-12
6.743773887790085908e+00,3.213852923472627854e+00,3.169478474580238071e+03,-3.169478474580238071e+03,-9.912089526551949348e+01,1.460758253056615659e-12
6.687151574036761303e+00,2.873110187964418749e+00,3.109679681331733264e+03,-3.109679681331733264e+03,1.242217189055127344e-12,1.685210111189949771e+02
6.879016402912776051e+00,1.968087210237923435e+00,2.724462404773649268e+03,-2.724462404773649268e+03,3.374640590820786830e-13,2.690145439906994511e+02
6.824347199760357974e+00,2.347972836868238655e+00,2.845977468397818029e+03,-2.845977468397818029e+03,-1.712490847250883402e-12,3.243214100069859569e+02
6.780235870589137903e+00,6.109320895088102610e+00,2.624127010800224525e+03,-2.624127010800224525e+03,-4.536358297089997181e-13,2.854152421664298345e+02
6.731233463522364957e+00,2.558135876909756856e+00,2.926475007330454446e+03,-2.926475007330454446e+03,-1.447635875449596413e-12,3.140506919765939529e+02
7.001108562653848288e+00,5.670481306302932900e+00,2.797424908860583400e+03,-2.797424908860583400e+03,-2.251385825932010180e-12,2.804651484055461310e+02
6.687902857114456090e+00,4.930733040028752789e+00,3.175076429730841937e+03,-3.175076429730841937e+03,-8.999832093923799903e+00,-2.064714744969765566e-12
6.579355328665979386e+00,3.566225931937272886e+00,3.504063226656142433e+03,-3.504063226656142433e+03,-5.363764332009177451e+02,2.462002521092276056e-13
6.794709924439134241e+00,2.952738338278386276e+00,3.057599276435987122e+03,-3.057599276435987122e+03,7.317870302242663113e-13,1.052008401767671870e+02
6.923729464611753315e+00,5.915201753139704977e+00,2.733513236700454399e+03,-2.733513236700454399e+03,-3.111258103101277757e-12,2.814580098175308080e+02
6.740884741504332922e+00,3.072745249136997092e+00,3.144618196583764984e+03,-3.144618196583764984e+03,3.976948741925276136e-13,2.916329718920026437e+01
6.945531790401827443e+00,5.478628575088543506e+00,2.872442719192677941e+03,-2.872442719192677941e+03,-2.608022077111008256e-13,2.664845698165217414e+02
6.676070946603417156e+00,4.794343514511219873e+00,3.243761063531384025e+03,-3.243761063531384025e+03,-1.320799999626106001e+02,-1.580158652855927885e-13
6.732333775471927240e+00,5.021390016814319956e+00,3.105937341041330001e+03,-3.105937341041330001e+03,6.989605722082119276e-13,7.237057242293684567e+01
6.803862954910623095e+00,5.462659331334353219e+00,2.911032872595660592e+03,-2.911032872595660592e+03,-9.914211182500830872e-13,2.934588004379492645e+02
6.784273390871702780e+00,5.369662809765407552e+00,2.941986664626176207e+03,-2.941986664626176207e+03,1.595873453583348551e-12,2.629093345179330186e+02
6.851408061565454233e+00,1.492124607784035328e+00,2.599075447906279805e+03,-2.599075447906279805e+03,1.028969928484143269e-12,1.452996415845065883e+02
6.868845678780192365e+00,5.406093687654761837e+00,2.895216727030957372e+03,-2.895216727030957372e+03,1.964002176256660779e-12,2.691113745833249595e+02
6.503592556113512835e+00,6.552195616609981510e-01,2.062520171208297143e+03,-2.062520171208297143e+03,-2.362763489166589181e+02,-9.750350145177403475e-14
6.612890096626484748e+00,1.797992219126925417e-01,2.057430194144735651e+03,-2.057430194144735651e+03,-5.321194119832575780e+02,-2.269159251674244627e-12
6.772291228491838844e+00,5.111282026673268142e+00,3.041138202766767790e+03,-3.041138202766767790e+03,2.031226257625230712e-13,1.239924861507653588e+02
6.711587625156194115e+00,6.977545683920730824e+00,2.323849067722092968e+03,-2.323849067722092968e+03,2.332737763029782055e-12,8.505422675980086922e+01
6.807326033293053413e+00,5.289233350245425846e+00,2.958720416559910518e+03,-2.958720416559910518e+03,3.028566681632187928e-12,2.299018037208490171e+02
6.769230768999999981e+00,0.000000000000000000e+00,2.103868641064683288e+03,-2.103868641064683288e+03,-6.667579731550820270e+02,-4.839500828231795056e-13
6.769230768999999981e+00,8.000000000000000000e+00,2.312796017049226066e+03,-2.312796017049226066e+03,-7.890546674181210562e+01,3.122687435188833569e-12
6.825779866296000975e+00,5.219476074964330081e+00,2.977791609007934312e+03,-2.977791609007934312e+03,1.284970121350962600e-12,1.946283896316328992e+02
6.860058889750490607e+00,3.093309095821830113e+00,3.055892818026245550e+03,-3.055892818026245550e+03,-1.809929170405355688e-12,2.003167981384885721e+01
6.799821718706329676e+00,4.718402945385733460e+00,3.119667858043867909e+03,-3.119667858043867909e+03,-1.541333512497953393e+02,1.447946310570371804e-13
6.798756868213881255e+00,4.841094376365025376e+00,3.102950874039847804e+03,-3.102950874039847804e+03,-5.566338686367926414e+01,-4.426065223027161730e-13
6.785252977933553531e+00,6.821913499135261461e+00,2.425592821592871587e+03,-2.425592821592871587e+03,2.637914346838123618e-12,1.058451092385674883e+02
6.796029132880254231e+00,6.638185823379907369e+00,2.482669176874273035e+03,-2.482669176874273035e+03,7.677877018523078965e-13,1.645687495970765610e+02
6.848514247146857414e+00,4.973668997653847512e+00,3.026148522759275693e+03,-3.026148522759275693e+03,1.769656825243598671e-13,3.643238188236716724e+01
6.876318556957914829e+00,3.442672942119367807e+00,3.021672752580664564e+03,-3.021672752580664564e+03,-2.688903503371428201e+02,6.929416937498958372e-13
6.801103719560401828e+00,2.755694890465118174e+00,2.991496054175769132e+03,-2.991496054175769132e+03,1.696289853804825789e-12,2.216802990937599986e+02
6.942382136760045341e+00,2.990286267683023969e+00,2.961692816692637280e+03,-2.961692816692637280e+03,-4.995323229022906761e-14,9.621814074721605436e+01
6.944621152963589950e+00,5.313286470038019793e+00,2.905084044482003264e+03,-2.905084044482003264e+03,1.046185459013120914e-12,2.187102440341903389e+02
6.819866889857294723e+00,4.575210343547020386e+00,3.091521710128655286e+03,-3.091521710128655286e+03,-2.893844320271316519e+02,2.571844900979829945e-13
6.797548600689278686e+00,3.714835726890562739e+00,3.129732540507571230e+03,-3.129732540507571230e+03,-5.315814087138224977e+02,-6.988555658867890351e-14
6.981217865327028704e+00,2.730111517381273778e+00,2.910146502161610442e+03,-2.910146502161610442e+03,3.723636040308292931e-12,2.146556615336878622e+02
6.944540163157164159e+00,2.577869856457927433e+00,2.890034373764392058e+03,-2.890034373764392058e+03,-8.448349256515804896e-13,2.623696986087480809e+02
6.958778101792604254e+00,1.052513530277845666e+00,2.590930701865726860e+03,-2.590930701865726860e+03,-4.562918363137052324e+01,3.733998888755746409e-13
6.930508310954697215e+00,5.128905408845313652e+00,2.956066144526421795e+03,-2.956066144526421795e+03,7.748634014694388104e-14,1.245102207535473724e+02
7.051490440406911198e+00,3.679722231206638217e+00,2.746117207054817754e+03,-2.746117207054817754e+03,-3.538595769140423499e+02,-4.974062204687619096e-14
6.967159084314082484e+00,2.852280047122425000e+00,2.936551758549340775e+03,-2.936551758549340775e+03,1.874681913147171630e-12,1.701786632560163923e+02
6.960724801061960676e+00,3.895763927246150615e+00,2.839811965424290520e+03,-2.839811965424290520e+03,-4.957989176686182873e+02,-1.357116702918210090e-12
6.900588447429169214e+00,4.102020437476599390e+00,2.941326079297661636e+03,-2.941326079297661636e+03,-5.324067297607667797e+02,-8.279889833338346780e-13
6.784677553913525117e+00,6.347190006472176016e+00,2.535564192830513093e+03,-2.535564192830513093e+03,3.138259437949783676e-13,2.321456075094090750e+02
7.053684671204230483e+00,4.177508162657350255e+00,2.747914927674703904e+03,-2.747914927674703904e+03,-3.450514794366904425e+02,2.127339991356280971e-12
6.894011231673931483e+00,4.669491813594738083e+00,3.002145158200273727e+03,-3.002145158200273727e+03,-1.859160040628734691e+02,9.847971109096733317e-14
7.071761387766521523e+00,2.949932893450501137e+00,2.856083940351059027e+03,-2.856083940351059027e+03,1.694734468724749124e-12,1.134467994670457927e+02
7.087271690176377703e+00,4.052058853870904365e+00,2.653710412617484508e+03,-2.653710412617484508e+03,-4.080887271891106707e+02,-2.559161365558929103e-13
6.928194587052875164e+00,4.358778105089451849e+00,2.944080497909718815e+03,-2.944080497909718815e+03,-3.831895849742735436e+02,-8.769821848058760930e-13
6.974358974000000266e+00,0.000000000000000000e+00,2.267363268187083122e+03,-2.267363268187083122e+03,-6.681562304952046816e+02,-1.092016067943755153e-12
6.974358974000000266e+00,8.000000000000000000e+00,2.511651928314553516e+03,-2.511651928314553516e+03,-4.513171312342225150e+01,8.861645957100833816e-14
6.974059374276438739e+00,4.596141859600034074e+00,2.912175145108076322e+03,-2.912175145108076322e+03,-2.015175899046867016e+02,-7.320160923839276890e-13
6.849044273821548678e+00,7.152196702864596745e+00,2.478951591663274485e+03,-2.478951591663274485e+03,3.182339442058312483e-12,5.739398311761446791e+01
7.031270132110693183e+00,7.478740545878041601e+00,2.594490774239832717e+03,-2.594490774239832717e+03,-8.095616623409229717e+00,-2.126471555011822366e-13
7.047618050155854519e+00,6.165092963286672223e+00,2.718380869405652447e+03,-2.718380869405652447e+03,-9.230098258484900270e-13,2.028699679641842124e+02
6.920355452170741550e+00,3.226888199985370242e+00,2.986204532791172824e+03,-2.986204532791172824e+03,-7.630236191885933295e+01,-5.421183441926383301e-13
7.019117545255095791e+00,3.102211854034258476e+00,2.877998117469564932e+03,-2.877998117469564932e+03,2.486731095255441121e-12,3.754872030320699139e+01
6.863969218644301762e+00,2.719872606685645455e-01,2.327280170837074365e+03,-2.327280170837074365e+03,-5.155354536404457804e+02,1.384022450003551257e-12
6.983412859440410791e+00,4.787477363101993788e+00,2.910643606507489949e+03,-2.910643606507489949e+03,-6.303617756574279696e+01,-5.612380583010896771e-13
7.096903889532114817e+00,6.480579989686376052e+00,2.688289160564262602e+03,-2.688289160564262602e+03,-5.019250734121629453e-13,1.389106255995827439e+02
7.103049754656047376e+00,3.281496810770339057e+00,2.785289338358489658e+03,-2.785289338358489658e+03,-5.720282250909993138e+01,1.372018425585052714e-12
7.222667671488081531e+00,3.887676226317204442e+00,2.484855379263000032e+03,-2.484855379263000032e+03,-2.975300713916454924e+02,-1.209947009365973209e-12
7.299471523962111519e+00,3.652527937693387905e+00,2.424751650271363360e+03,-2.424751650271363360e+03,-2.087469653047762961e+02,-7.929170714538920073e-13
7.049995096749932522e+00,5.240383434737013735e-01,2.622289112719846344e+03,-2.622289112719846344e+03,-3.366471179138623597e+02,-4.579853636388077808e-13
7.242408812897534354e+00,5.452534938990718949e+00,2.748970170613697519e+03,-2.748970170613697519e+03,-2.990974015525097265e-12,1.865916850284702946e+02
7.152521943941013483e+00,3.483855005108205116e+00,2.640393449829095971e+03,-2.640393449829095971e+03,-1.721740627421234251e+02,2.196577004047400595e-12
7.348387493917269531e+00,6.257981197727215950e+00,2.853704348650304382e+03,-2.853704348650304382e+03,-1.965641181306651945e-12,1.182641708880429405e+02
7.037752151648243526e+00,4.993806077642793717e+00,2.901946750713746951e+03,-2.901946750713746951e+03,1.187968698853365600e-13,6.154819142304071988e+01
7.043868686132227275e+00,6.899419656240629806e+00,2.631642267192383770e+03,-2.631642267192383770e+03,1.713226587400959269e-12,7.598642795757278634e+01
7.118063897110718408e+00,2.339909059947533176e+00,2.802726935850191694e+03,-2.802726935850191694e+03,-2.855937264169287717e-12,2.485507065617624392e+02
7.088061095397509170e+00,1.354794373303606969e+00,2.701851467758621766e+03,-2.701851467758621766e+03,-2.135221847747036601e-13,9.541271413632136955e+01
7.179487178999999664e+00,0.000000000000000000e+00,2.653176102183665535e+03,-2.653176102183665535e+03,-6.765619165385552378e+02,5.310370622882341373e-13
7.179487178999999664e+00,8.000000000000000000e+00,2.697441463659366946e+03,-2.697441463659366946e+03,-1.803309911393329656e+01,2.663713019697129165e-12
7.354791450751778648e+00,5.880861584617758098e+00,2.791873112277382461e+03,-2.791873112277382461e+03,-2.214512529679126329e-12,1.531235564825227016e+02
7.157466082003807628e+00,5.161284456673657317e+00,2.811310677280390337e+03,-2.811310677280390337e+03,-1.982878181036166227e-13,1.308524597216320728e+02
7.201325857716484258e+00,1.610103902815954724e+00,2.807645063541871878e+03,-2.807645063541871878e+03,-2.219079594550400074e-12,1.292630386315771887e+02
7.217960357146118611e+00,3.070295061285092775e+00,2.694352584648129778e+03,-2.694352584648129778e+03,9.912102637086061181e-13,5.274888222878518462e+01
7.213091799508791979e+00,2.733659809589847001e+00,2.767977850656959163e+03,-2.767977850656959163e+03,3.915041922465846413e-13,1.631921731403447495e+02
7.271082534303822342e+00,4.917088281274096140e+00,2.657391106966199914e+03,-2.657391106966199914e+03,-9.891764572753573967e-14,4.022422590816895394e+01
7.202885608243666304e+00,7.833281747190139477e+00,2.717416864405804517e+03,-2.717416864405804517e+03,-4.008339948763724436e+01,1.365936249915944626e-12
7.245996448269375279e+00,4.588874451678470301e+00,2.560273661274121878e+03,-2.560273661274121878e+03,-1.074682852618072673e+02,-8.908855906964756273e-13
7.341997463242080357e+00,1.262627050419016461e+00,2.903859125800807305e+03,-2.903859125800807305e+03,9.814732808139780319e-14,2.328666714512600322e+01
7.384615385000000032e+00,0.000000000000000000e+00,3.081139240853315641e+03,-3.081139240853315641e+03,-8.513593463206854040e+02,3.144204391663611170e-12
7.384615385000000032e+00,8.000000000000000000e+00,2.913349401665653659e+03,-2.913349401665653659e+03,-4.418436764671590566e+01,2.997528876599887473e-12
7.642229223167281482e+00,1.574263988201356934e+00,3.005703850343290469e+03,-3.005703850343290469e+03,-1.557883955044128473e-12,2.954016238040766140e+01
7.299058240935107911e+00,4.196475913498234789e+00,2.369217531937724289e+03,-2.369217531937724289e+03,-2.249240691395034446e+02,-1.732055400162842058e-13
7.521228203046483429e+00,5.161614840351623101e+00,2.478134915047783124e+03,-2.478134915047783124e+03,-1.578182350040131982e-12,9.059173613936289371e+01
7.375905025708251905e+00,3.482679483133282461e-01,2.965983410655928765e+03,-2.965983410655928765e+03,-5.216241954746191141e+02,-1.439244223175078464e-12
7.419097028981598285e+00,8.147947485109445775e-01,3.017278288722073739e+03,-3.017278288722073739e+03,-1.393038605703268900e+02,-7.385732775495008285e-13
7.407023495073308261e+00,2.006360094095368307e+00,2.826142941426630387e+03,-2.826142941426630387e+03,-3.590993589427950284e-12,1.350748416321312106e+02
7.682513966950573092e+00,4.808871358515666827e+00,2.077247022227104026e+03,-2.077247022227104026e+03,-3.675801020401240447e-13,7.928957942851713625e+00
7.468953867762232690e+00,2.991420566709109607e+00,2.459948199271640988e+03,-2.459948199271640988e+03,-3.125676851433577173e-13,7.972452277456888226e+01
7.562293185450462474e+00,2.302786640907676374e-01,3.182666667853520721e+03,-3.182666667853520721e+03,-6.025148887116922651e+02,6.994297649675274712e-13
7.585004910725875682e+00,4.456382378936272204e+00,2.015073930845449013e+03,-2.015073930845449013e+03,-5.377079295066766207e+01,-2.644631864277106746e-12
7.432618117056166263e+00,3.362092819832160018e+00,2.304827404491732523e+03,-2.304827404491732523e+03,-3.795920012552402056e+01,1.443704108947327880e-13
7.632047536416760813e+00,4.200839073216136477e+00,1.833517091754404191e+03,-1.833517091754404191e+03,-7.804920163527076227e+01,2.710558892527058581e-13
7.436131693278817067e+00,7.402642426393327924e+00,3.008191551158934999e+03,-3.008191551158934999e+03,-3.110368779064887335e+01,-7.932868462487742363e-13
7.519868682510730373e+00,7.070782611339596180e+00,3.035862793613247959e+03,-3.035862793613247959e+03,-1.003508286068376343e+01,1.944241886637972064e-12
7.444851155728072989e+00,7.687742275999474906e+00,3.030873974642029680e+03,-3.030873974642029680e+03,-2.866679358163965929e+01,-2.373827556819725288e-12
7.681147191093529614e+00,6.187455010317024495e+00,2.968179794965950350e+03,-2.968179794965950350e+03,-1.487373284224870485e-12,3.294504182265296066e+01
7.660308095833819664e+00,5.199204421757993577e-01,3.309737199511660037e+03,-3.309737199511660037e+03,-2.569177787644595696e+02,1.051328285791311573e-12
7.563168076566891607e+00,6.576232294620718122e+00,3.017090017306727532e+03,-3.017090017306727532e+03,-1.559721196972904506e-12,3.334840064549771910e+01
7.442133602480124566e+00,2.403624829522018835e+00,2.710959027874246203e+03,-2.710959027874246203e+03,-1.494795686378314803e-12,1.405457795035703725e+02
7.589743590000000317e+00,0.000000000000000000e+00,3.451332940070708446e+03,-3.451332940070708446e+03,-8.715187465363056845e+02,1.443129213612008706e-12
7.589743590000000317e+00,8.000000000000000000e+00,3.198590432634469835e+03,-3.198590432634469835e+03,-2.359174311027984672e+01,-2.833020675795062604e-13
7.720748821517880778e+00,7.726223398079807403e+00,3.350001856426256381e+03,-3.350001856426256381e+03,-2.839168728266657382e+01,-1.780147968607508730e-12
7.775471565983674616e+00,5.501442350762391520e+00,2.474682837089892928e+03,-2.474682837089892928e+03,-1.828244532699145999e-12,4.177992852832615966e+01
7.743798795692451442e+00,1.167445196790194872e+00,3.186251439225320155e+03,-3.186251439225320155e+03,1.201585119724961490e-13,9.253124085239092800e-01
7.773794829480759283e+00,3.104745492597750012e+00,2.012483079819367504e+03,-2.012483079819367504e+03,-1.411553387112131297e+00,-9.905349906757128501e-13
7.638354486179176561e+00,3.848632517117059670e+00,1.849592479660971549e+03,-1.849592479660971549e+03,-7.999100360990618697e+01,-2.417341402410562610e-13
7.748831741471359003e+00,7.373431254444454908e+00,3.316812648530105434e+03,-3.316812648530105434e+03,-2.163665252467490063e+01,-1.729533479503746797e-12
7.707859280258476886e+00,2.685705264252124191e+00,2.398721215898869559e+03,-2.398721215898869559e+03,7.787884690994865413e-14,5.774466370431005657e+01
7.824878791365143194e+00,4.136958233385250594e+00,1.508860126681310248e+03,-1.508860126681310248e+03,-1.459828272357854217e+01,2.559694526338042753e-12
7.821588993612477836e+00,5.896992176053804435e+00,2.844681901933805875e+03,-2.844681901933805875e+03,-3.817220650046586098e-13,5.193055707222916340e+01
7.813239025737975574e+00,4.365383306771427385e+00,1.573376471112666650e+03,-1.573376471112666650e+03,-1.426512793774201526e+01,-2.580302177556792115e-13
7.765546115140417704e+00,2.251534922289069041e+00,2.684028268964082599e+03,-2.684028268964082599e+03,5.574155658850637132e-13,5.716558168476690582e+01
7.794871794999999715e+00,0.000000000000000000e+00,4.082203832545969362e+03,-4.082203832545969362e+03,-9.532619950620664895e+02,4.208399171614526709e-12
7.794871794999999715e+00,8.000000000000000000e+00,3.484960940345781637e+03,-3.484960940345781637e+03,-3.745917775198535971e+00,-1.793297679087604190e-12
7.837730689085169899e+00,4.577385724673999512e+00,1.652022481076137410e+03,-1.652022481076137410e+03,-9.825444018024438009e+00,-2.068862234184063358e-12
7.803821925789965697e+00,8.273495812658469006e-01,3.353157837287012626e+03,-3.353157837287012626e+03,-2.837506828204087483e+01,2.706660298236813908e-12
7.801019947355050554e+00,2.830120302064091375e-01,3.571240535000346426e+03,-3.571240535000346426e+03,-4.331125449461272297e+02,2.597166811801072072e-13
7.865790945859274963e+00,3.996424961242256657e+00,1.370378693931361113e+03,-1.370378693931361113e+03,-4.277996788474005285e+01,1.870390652836569576e-12
7.876979426386611749e+00,7.734505435507882609e+00,3.529829419051191508e+03,-3.529829419051191508e+03,-1.428474796574476002e+01,-7.343328034609869563e-13
7.869301696622676090e+00,7.561699435229732202e+00,3.496098314813751131e+03,-3.496098314813751131e+03,-1.606998958338958161e+01,-3.205047341860571091e-12
7.816549955040686726e+00,6.790924193910809592e+00,3.306320114329777425e+03,-3.306320114329777425e+03,1.435075259267863924e-12,2.941297758026552245e+00
7.807434131334420435e+00,3.462874316260409202e+00,1.675583981029181814e+03,-1.675583981029181814e+03,-2.072388076064208917e+01,2.602805822160355405e-13
7.802390412388935381e+00,1.895192171761113764e+00,2.934887314012215938e+03,-2.934887314012215938e+03,-1.847213746249303706e-13,3.595595772045005845e+01
7.945894930869310535e+00,4.602728603493375203e+00,1.432270021542616632e+03,-1.432270021542616632e+03,-2.863685507135229358e+01,1.959960426006889189e-13
7.940491039981559140e+00,5.863096825513356869e+00,2.839863354084570801e+03,-2.839863354084570801e+03,-1.777364876465634595e-12,8.119020150411893155e+01
7.897846877279305566e+00,5.428396359934964721e+00,2.321806735691199719e+03,-2.321806735691199719e+03,-1.837975409497128780e-12,3.397347749423236252e+01
7.918274666930757100e+00,5.450409453190523834e+00,2.321806735691177892e+03,-2.321806735691177892e+03,1.078811653400486656e-12,3.397347749423875740e+01
8.000000000000000000e+00,0.000000000000000000e+00,4.964205598297598044e+03,-4.964205598297598044e+03,-1.378316490697988456e+03,8.341717977323762957e-12
8.000000000000000000e+00,2.051282050000000079e-01,4.125678209080982015e+03,-4.125678209080982015e+03,-7.044645840628029418e+02,2.941588550371393352e-12
8.000000000000000000e+00,4.102564100000000158e-01,3.824614494852407006e+03,-3.824614494852407006e+03,-2.050226072438910876e+02,-2.230032611233071750e-12
8.000000000000000000e+00,6.153846149999999682e-01,3.515390833481231311e+03,-3.515390833481231311e+03,-5.958798425479831451e+01,8.060109004128994714e-13
8.000000000000000000e+00,8.205128210000000033e-01,3.482132154602337323e+03,-3.482132154602337323e+03,-1.048035310440974577e+01,1.977050277485095826e-12
8.000000000000000000e+00,1.025641025999999956e+00,3.358781427086933036e+03,-3.358781427086933036e+03,-3.740688457896132540e-13,3.827967593239774313e+00
8.000000000000000000e+00,1.230769231000000019e+00,3.324709757083919158e+03,-3.324709757083919158e+03,-3.928079616499089225e-12,2.315852403381965274e+01
8.000000000000000000e+00,1.435897436000000083e+00,3.201881919975732671e+03,-3.201881919975732671e+03,-4.904755329161662107e-13,2.948835693779644718e+00
8.000000000000000000e+00,1.641025640999999924e+00,3.073926918033489073e+03,-3.073926918033489073e+03,-3.411439593656717432e-12,6.636272815273265735e+00
8.000000000000000000e+00,1.846153845999999987e+00,3.048620465288575360e+03,-3.048620465288575360e+03,-1.588739070886087729e-12,1.860138340849582761e+01
8.000000000000000000e+00,2.051282050999999829e+00,2.863816377528613884e+03,-2.863816377528613884e+03,2.185206599586171992e-12,1.524122226512179701e+01
8.000000000000000000e+00,2.256410256000000114e+00,2.675649862498846232e+03,-2.675649862498846232e+03,-3.077202114805297298e-15,3.172896899589101594e+01
8.000000000000000000e+00,2.461538462000000038e+00,2.493853737205907237e+03,-2.493853737205907237e+03,1.244868224053970044e-12,2.191352256494521811e+01
8.000000000000000000e+00,2.666666666999999880e+00,2.242871440591250575e+03,-2.242871440591250575e+03,1.194942115011908376e-12,5.814826556058075191e+00
8.000000000000000000e+00,2.871794872000000165e+00,2.053307603762390045e+03,-2.053307603762390045e+03,-3.334258067566937316e-12,5.458733735559979650e+00
8.000000000000000000e+00,3.076923077000000006e+00,1.752058342793872498e+03,-1.752058342793872498e+03,-4.067148865702714744e+01,-9.066193106537232147e-13
8.000000000000000000e+00,3.282051281999999848e+00,1.613370056393182949e+03,-1.613370056393182949e+03,-1.685309800034207939e+01,-3.779017739280889737e-14
8.000000000000000000e+00,3.487179487000000133e+00,1.346091599717915869e+03,-1.346091599717915869e+03,-3.636417099154490273e+01,-2.995868936643970685e-13
8.000000000000000000e+00,3.692307691999999975e+00,1.434236333715517276e+03,-1.434236333715517276e+03,-3.206981331460010409e+01,4.979971173169085298e-13
8.000000000000000000e+00,3.897435896999999816e+00,1.247755975471620332e+03,-1.247755975471620332e+03,-7.826741117054281460e+01,1.099168012211845004e-12
8.000000000000000000e+00,4.102564102999999740e+00,1.208868683583485108e+03,-1.208868683583485108e+03,-3.467253361220257801e+01,2.780426435774130931e-12
8.000000000000000000e+00,4.307692308000000025e+00,1.303241578596084764e+03,-1.303241578596084764e+03,-6.765135051871481231e+00,1.993248019262197749e-12
8.000000000000000000e+00,4.512820513000000311e+00,1.441868542635667382e+03,-1.441868542635667382e+03,-1.296422821792078928e+01,-9.295268351447023326e-13
8.000000000000000000e+00,4.717948717999999708e+00,1.573289783833335605e+03,-1.573289783833335605e+03,-2.088115564978236804e+01,2.702367668872360119e-12
8.000000000000000000e+00,4.923076922999999994e+00,1.865117894903521119e+03,-1.865117894903521119e+03,-2.356028805994264985e+01,3.795734207214080042e-12
8.000000000000000000e+00,5.128205128000000279e+00,2.165462037639496430e+03,-2.165462037639496430e+03,1.643134925871178808e-13,1.183436404274397091e+01
8.000000000000000000e+00,5.333333332999999676e+00,2.265160462517595079e+03,-2.265160462517595079e+03,6.863308264662331073e-13,2.453212927074868333e+01
8.000000000000000000e+00,5.538461537999999962e+00,2.411936390866964757e+03,-2.411936390866964757e+03,2.321663064896099266e-12,1.169913704188509662e+01
8.000000000000000000e+00,5.743589744000000330e+00,2.752657721611220040e+03,-2.752657721611220040e+03,1.300505327822963267e-12,3.631872550934083677e+01
8.000000000000000000e+00,5.948717948999999727e+00,2.918279119906873348e+03,-2.918279119906873348e+03,-3.446058724391002846e-12,4.981338152469243141e+01
8.000000000000000000e+00,6.153846154000000013e+00,3.025672904800288052e+03,-3.025672904800288052e+03,-9.568355626138934866e+00,-2.657745644417990925e-12
8.000000000000000000e+00,6.358974359000000298e+00,3.144630201758376643e+03,-3.144630201758376643e+03,-8.988212907134311536e+00,-5.501533808632962205e-12
8.000000000000000000e+00,6.564102563999999695e+00,3.318346310491459008e+03,-3.318346310491459008e+03,-1.548567393411861495e-12,2.876965655244213593e+01
8.000000000000000000e+00,6.769230768999999981e+00,3.497004931943798510e+03,-3.497004931943798510e+03,-5.007116094771758031e-13,2.721105035819365625e+01
8.000000000000000000e+00,6.974358974000000266e+00,3.414462936020016059e+03,-3.414462936020016059e+03,4.284145987866282464e-13,5.681830213680709285e+00
8.000000000000000000e+00,7.179487178999999664e+00,3.527908334634898893e+03,-3.527908334634898893e+03,3.077996791532608252e-12,9.471777913479256128e+00
8.000000000000000000e+00,7.384615385000000032e+00,3.587601082381723245e+03,-3.587601082381723245e+03,-2.223976070228492382e-12,1.424842199806034060e+01
8.000000000000000000e+00,7.589743590000000317e+00,3.643710407858749932e+03,-3.643710407858749932e+03,-1.066618139677993327e+01,-1.887179769224854693e-12
8.000000000000000000e+00,7.794871794999999715e+00,3.624688745777801614e+03,-3.624688745777801614e+03,-3.915570487003855238e+00,-1.478394993721201734e-12
8.000000000000000000e+00,8.000000000000000000e+00,3.656637111077699046e+03,-3.656637111077699046e+03,-7.662585557731043892e-12,2.366786092109554218e+01
